,B19058_002E,county,state
63,2802,1,1
22,6644,3,1
51,2468,5,1
52,933,7,1
60,2244,9,1
53,920,11,1
44,1393,13,1
54,8221,15,1
55,2291,17,1
11,1899,19,1
34,3184,21,1
7,1409,23,1
56,1894,25,1
30,812,27,1
49,954,29,1
31,2656,31,1
35,2824,33,1
46,881,35,1
36,602,37,1
12,2168,39,1
13,1002,41,1
23,3897,43,1
37,3467,45,1
14,5326,47,1
40,4651,49,1
24,4184,51,1
41,2506,53,1
39,6063,55,1
57,1320,57,1
8,2293,59,1
65,1828,61,1
50,1247,63,1
38,1445,65,1
61,1129,67,1
25,6066,69,1
26,2690,71,1
6,40728,73,1
42,1136,75,1
15,5516,77,1
1,2297,79,1
2,7283,81,1
18,4340,83,1
16,1440,85,1
17,2237,87,1
62,15888,89,1
9,1971,91,1
3,2021,93,1
59,5709,95,1
45,27570,97,1
0,1416,99,1
58,17843,101,1
32,6556,103,1
47,1107,105,1
4,1370,107,1
33,2007,109,1
43,1382,111,1
10,4639,113,1
20,4171,115,1
19,4533,117,1
5,1614,119,1
27,5647,121,1
64,3080,123,1
28,7986,125,1
48,4270,127,1
29,921,129,1
66,967,131,1
21,1500,133,1
89,136,13,2
71,69,16,2
88,11524,20,2
74,1967,50,2
72,41,60,2
68,41,68,2
82,443,70,2
77,3481,90,2
83,108,100,2
92,141,105,2
84,1196,110,2
70,2518,122,2
78,965,130,2
67,533,150,2
95,1124,158,2
85,119,164,2
79,3842,170,2
81,984,180,2
75,353,185,2
73,691,188,2
94,171,195,2
90,519,198,2
76,404,220,2
93,22,230,2
86,281,240,2
69,199,261,2
91,170,275,2
80,38,282,2
87,716,290,2
104,5375,1,4
101,8126,3,4
105,6250,5,4
98,3814,7,4
99,2096,9,4
108,314,11,4
102,1259,12,4
97,170676,13,4
103,13855,15,4
109,8742,17,4
96,58140,19,4
110,17326,21,4
100,4178,23,4
106,10147,25,4
107,14144,27,4
181,1520,1,5
164,1651,3,5
163,2061,5,5
140,5841,7,5
123,2431,9,5
174,1012,11,5
172,284,13,5
184,1123,15,5
141,1149,17,5
173,1202,19,5
115,1144,21,5
155,948,23,5
156,445,25,5
119,1933,27,5
178,1455,29,5
165,5825,31,5
139,3241,33,5
129,3999,35,5
116,1145,37,5
117,571,39,5
146,1562,41,5
118,1312,43,5
131,4978,45,5
130,1102,47,5
147,930,49,5
149,5673,51,5
128,672,53,5
162,2588,55,5
158,1186,57,5
142,1933,59,5
148,892,61,5
125,1951,63,5
124,806,65,5
157,1261,67,5
133,5927,69,5
143,1480,71,5
166,664,73,5
175,1127,75,5
144,1128,77,5
126,803,79,5
182,1041,81,5
127,1287,83,5
183,2668,85,5
145,728,87,5
134,1084,89,5
185,2621,91,5
150,3979,93,5
176,802,95,5
135,644,97,5
112,677,99,5
180,532,101,5
179,1945,103,5
167,527,105,5
169,2418,107,5
132,628,109,5
170,2056,111,5
177,1431,113,5
151,3105,115,5
152,595,117,5
114,18298,119,5
120,1397,121,5
113,2341,123,5
121,3509,125,5
136,843,127,5
137,483,129,5
138,8380,131,5
171,1112,133,5
159,1475,135,5
160,916,137,5
153,2580,139,5
122,1036,141,5
161,7558,143,5
111,3443,145,5
154,774,147,5
168,1100,149,5
201,47442,1,6
213,44,3,6
243,1203,5,6
230,10971,7,6
238,1743,9,6
228,977,11,6
191,28789,13,6
227,1634,15,6
203,4929,17,6
234,66542,19,6
229,1212,21,6
211,7085,23,6
198,10012,25,6
192,807,27,6
235,47972,29,6
231,7490,31,6
188,3544,33,6
193,924,35,6
218,333729,37,6
214,8626,39,6
222,4042,41,6
189,765,43,6
215,4481,45,6
187,17206,47,6
186,289,49,6
199,243,51,6
206,9735,53,6
204,2473,55,6
212,3067,57,6
236,76357,59,6
223,7370,61,6
232,860,63,6
219,81095,65,6
202,70628,67,6
200,1868,69,6
220,106098,71,6
205,89399,73,6
207,21645,75,6
242,34256,77,6
233,6333,79,6
240,11712,81,6
195,12356,83,6
221,37147,85,6
216,8641,87,6
225,8287,89,6
208,105,91,6
224,2516,93,6
226,15280,95,6
196,15013,97,6
194,28229,99,6
239,4305,101,6
197,3631,103,6
217,634,105,6
209,34383,107,6
241,2459,109,6
237,21525,111,6
210,7010,113,6
190,4447,115,6
245,18290,1,8
274,1533,3,8
288,18565,5,8
291,391,7,8
295,227,9,8
256,500,11,8
267,7308,13,8
307,1069,14,8
296,477,15,8
255,72,17,8
271,253,19,8
246,722,21,8
244,402,23,8
257,221,25,8
247,150,27,8
275,1481,29,8
292,29701,31,8
258,56,33,8
248,2661,35,8
249,630,37,8
268,365,39,8
285,26845,41,8
276,2376,43,8
299,1565,45,8
297,206,47,8
287,261,49,8
300,536,51,8
284,15,53,8
294,560,55,8
260,33,57,8
301,12236,59,8
293,82,61,8
298,276,63,8
250,366,65,8
251,1148,67,8
261,9139,69,8
269,1360,71,8
270,145,73,8
262,1065,75,8
282,7349,77,8
302,8,79,8
252,599,81,8
263,1236,83,8
278,2315,85,8
279,1605,87,8
289,1372,89,8
303,110,91,8
280,348,93,8
290,197,95,8
253,202,97,8
283,921,99,8
277,12662,101,8
304,193,103,8
254,851,105,8
272,275,107,8
281,508,109,8
259,27,111,8
264,155,113,8
305,175,115,8
273,307,117,8
265,896,119,8
286,188,121,8
306,9711,123,8
266,352,125,8
315,32906,1,9
310,56115,3,9
309,6699,5,9
313,5850,7,9
308,52580,9,9
312,13837,11,9
314,4556,13,9
311,7426,15,9
318,10685,1,10
316,22859,3,10
317,11322,5,10
372,11297,1,12
323,1426,3,12
354,10438,5,12
337,1699,7,12
338,26943,9,12
326,94775,11,12
378,1054,13,12
379,7059,15,12
321,8962,17,12
339,8346,19,12
369,11578,21,12
380,4709,23,12
377,2556,27,12
381,1729,29,12
336,56243,31,12
329,17968,33,12
355,4082,35,12
356,801,37,12
363,4500,39,12
374,1227,41,12
346,767,43,12
357,698,45,12
358,1424,47,12
368,1961,49,12
347,3240,51,12
330,11335,53,12
375,6038,55,12
331,81544,57,12
364,1573,59,12
348,6497,61,12
349,3072,63,12
365,983,65,12
340,380,67,12
341,17465,69,12
366,30625,71,12
325,14629,73,12
322,3214,75,12
359,406,77,12
327,1581,79,12
320,15539,81,12
367,22337,83,12
382,4773,85,12
353,222898,86,12
328,2294,87,12
342,3350,89,12
332,7526,91,12
370,2503,93,12
371,74158,95,12
360,21731,97,12
350,59002,99,12
373,29307,101,12
343,49395,103,12
344,37099,105,12
383,6353,107,12
351,6125,109,12
345,14864,111,12
319,7604,113,12
384,13360,115,12
352,15225,117,12
361,2826,119,12
376,3554,121,12
333,1657,123,12
385,811,125,12
324,31128,127,12
334,1605,129,12
362,3202,131,12
335,1722,133,12
405,1419,1,13
404,657,3,13
406,702,5,13
463,174,7,13
541,2761,9,13
542,915,11,13
526,3599,13,13
529,5733,15,13
444,1311,17,13
523,1602,19,13
412,12634,21,13
417,910,23,13
407,1548,25,13
479,1268,27,13
464,1182,29,13
543,4522,31,13
445,2012,33,13
465,1859,35,13
409,591,37,13
467,2478,39,13
466,997,43,13
468,7905,45,13
446,2824,47,13
527,644,49,13
427,14781,51,13
447,269,53,13
448,1902,55,13
483,5535,57,13
544,6772,59,13
386,400,61,13
494,22847,63,13
528,571,65,13
474,24837,67,13
472,2723,69,13
490,3657,71,13
449,2933,73,13
491,1265,75,13
473,5107,77,13
469,788,79,13
471,2370,81,13
476,740,83,13
492,945,85,13
450,2205,87,13
389,42349,89,13
480,1777,91,13
418,1506,93,13
503,9854,95,13
530,7434,97,13
470,987,99,13
387,249,101,13
422,1785,103,13
482,1720,105,13
425,2033,107,13
419,950,109,13
504,1218,111,13
484,1973,113,13
451,5958,115,13
452,3363,117,13
420,2188,119,13
495,51517,121,13
475,1646,123,13
424,155,125,13
388,6091,127,13
481,3328,129,13
531,1936,131,13
489,1014,133,13
525,29302,135,13
453,2343,137,13
496,7744,139,13
493,711,141,13
390,2176,143,13
413,973,145,13
454,1810,147,13
501,1132,149,13
505,8949,151,13
506,7304,153,13
403,716,155,13
392,2677,157,13
429,1060,159,13
532,934,161,13
393,1459,163,13
485,807,165,13
430,712,167,13
394,1542,169,13
423,1020,171,13
431,825,173,13
507,3594,175,13
486,1197,177,13
428,3402,179,13
391,584,181,13
508,983,183,13
455,8045,185,13
497,1889,187,13
498,1830,189,13
456,1351,191,13
410,1286,193,13
432,1621,195,13
414,714,197,13
457,1763,199,13
499,510,201,13
433,2250,205,13
458,1129,207,13
533,557,209,13
500,1088,211,13
395,2570,213,13
396,14102,215,13
487,7113,217,13
502,672,219,13
534,926,221,13
517,5116,223,13
516,2220,225,13
488,1413,227,13
518,1443,229,13
519,802,231,13
437,3241,233,13
397,775,235,13
459,1246,237,13
426,258,239,13
398,932,241,13
535,782,243,13
520,16031,245,13
536,3846,247,13
415,582,249,13
521,1058,251,13
434,790,253,13
509,4757,255,13
510,1933,257,13
399,457,259,13
460,3383,261,13
438,485,263,13
461,202,265,13
522,1911,267,13
439,927,269,13
511,1191,271,13
440,970,273,13
441,3389,275,13
435,2634,277,13
442,2519,279,13
400,518,281,13
401,593,283,13
411,4852,285,13
402,743,287,13
436,635,289,13
512,838,291,13
513,1989,293,13
524,3805,295,13
477,3836,297,13
537,3042,299,13
462,590,301,13
514,1793,303,13
538,2245,305,13
421,261,307,13
539,504,309,13
515,1474,311,13
408,4808,313,13
540,541,315,13
478,848,317,13
443,562,319,13
416,2040,321,13
545,13705,1,15
546,33782,3,15
549,8,5,15
548,2334,7,15
547,6246,9,15
570,14934,1,16
555,174,3,16
571,5075,5,16
572,176,7,16
583,539,9,16
573,1990,11,16
564,561,13,16
565,325,15,16
584,2101,17,16
574,5579,19,16
566,558,21,16
567,113,23,16
575,29,25,16
576,12420,27,16
568,181,29,16
551,1019,31,16
585,80,33,16
577,419,35,16
580,130,37,16
586,1231,39,16
556,316,41,16
587,371,43,16
552,920,45,16
569,869,47,16
590,808,49,16
578,865,51,16
558,1026,53,16
559,6992,55,16
579,1416,57,16
581,400,59,16
560,249,61,16
553,198,63,16
588,1309,65,16
561,863,67,16
557,2196,69,16
550,116,71,16
563,696,73,16
582,1310,75,16
592,342,77,16
589,1051,79,16
591,137,81,16
562,3507,83,16
554,343,85,16
593,559,87,16
669,3850,1,17
601,696,3,17
651,714,5,17
652,2602,7,17
633,207,9,17
653,1726,11,17
626,261,13,17
654,659,15,17
693,630,17,17
625,8016,19,17
638,2132,21,17
678,1004,23,17
639,846,25,17
670,1226,27,17
655,3720,29,17
605,319890,31,17
656,1058,33,17
627,555,35,17
671,5466,37,17
659,1003,39,17
679,826,41,17
599,22450,43,17
650,1341,45,17
672,350,47,17
680,1473,49,17
660,1490,51,17
628,926,53,17
612,3610,55,17
681,2268,57,17
640,466,59,17
682,919,61,17
596,2051,63,17
683,387,65,17
594,855,67,17
684,297,69,17
613,332,71,17
685,2279,73,17
637,1600,75,17
641,4798,77,17
673,472,79,17
674,2886,81,17
657,1171,83,17
629,508,85,17
686,523,87,17
630,20823,89,17
597,7407,91,17
631,3364,93,17
687,3577,95,17
688,22950,97,17
695,6017,99,17
632,1170,101,17
661,1801,103,17
689,2047,105,17
662,1246,107,17
614,1718,109,17
615,8386,111,17
616,6574,113,17
607,7835,115,17
663,2735,117,17
595,14182,119,17
634,3370,121,17
635,480,123,17
636,1064,125,17
690,1263,127,17
602,585,129,17
598,608,131,17
642,547,133,17
667,1574,135,17
604,2276,137,17
617,652,139,17
606,2481,141,17
643,11645,143,17
618,1577,145,17
646,545,147,17
619,1145,149,17
620,216,151,17
647,532,153,17
658,168,155,17
603,1456,157,17
664,1041,159,17
621,8473,161,17
622,17273,163,17
665,2516,165,17
600,11297,167,17
648,333,169,17
691,319,171,17
623,970,173,17
649,241,175,17
608,3618,177,17
692,5755,179,17
644,1019,181,17
675,5263,183,17
624,771,185,17
694,868,187,17
666,512,189,17
609,1055,191,17
610,958,193,17
668,3370,195,17
676,22282,197,17
677,4327,199,17
645,21980,201,17
611,1012,203,17
785,1259,1,18
739,18707,3,18
778,3129,5,18
718,455,7,18
755,749,9,18
780,1505,11,18
719,544,13,18
756,425,15,18
701,1784,17,18
786,4068,19,18
706,1523,21,18
720,1284,23,18
700,625,25,18
724,1189,27,18
725,1831,29,18
740,1053,31,18
776,1667,33,18
741,7016,35,18
708,764,37,18
698,8423,39,18
787,1926,41,18
738,2646,43,18
697,944,45,18
709,775,47,18
781,827,49,18
747,1200,51,18
705,4444,53,18
702,1677,55,18
775,4297,57,18
710,1688,59,18
758,1360,61,18
707,2682,63,18
726,2295,65,18
712,4998,67,18
759,1519,69,18
711,2157,71,18
763,1182,73,18
764,946,75,18
743,1552,77,18
744,1481,79,18
745,4187,81,18
727,2140,83,18
751,2687,85,18
777,792,87,18
782,28213,89,18
760,6029,91,18
728,1901,93,18
729,8334,95,18
703,60866,97,18
752,1676,99,18
765,442,101,18
742,1988,103,18
696,4616,105,18
783,1556,107,18
746,2694,109,18
748,586,111,18
784,1787,113,18
713,205,115,18
749,1143,117,18
714,1175,119,18
715,968,121,18
730,800,123,18
731,481,125,18
766,5092,127,18
733,889,129,18
732,740,131,18
721,1352,133,18
716,1425,135,18
768,856,137,18
779,752,139,18
750,12925,141,18
757,976,143,18
767,2075,145,18
769,590,147,18
699,1145,149,18
734,1100,151,18
770,1088,153,18
753,597,155,18
772,6610,157,18
771,511,159,18
722,257,161,18
754,10179,163,18
736,780,165,18
773,6903,167,18
761,1285,169,18
735,267,171,18
774,1627,173,18
723,1461,175,18
704,4369,177,18
737,1042,179,18
762,998,181,18
717,1138,183,18
808,413,1,19
807,178,3,19
791,704,5,19
835,845,7,19
809,340,9,19
796,934,11,19
872,7463,13,19
845,1251,15,19
846,538,17,19
883,912,19,19
847,1038,21,19
797,485,23,19
822,527,25,19
823,847,27,19
857,1026,29,19
824,502,31,19
825,2438,33,19
858,653,35,19
810,538,37,19
811,690,39,19
884,870,41,19
844,885,43,19
885,2951,45,19
859,834,47,19
794,2021,49,19
812,386,51,19
886,566,53,19
788,621,55,19
860,3008,57,19
813,710,59,19
798,4004,61,19
849,673,63,19
861,1046,65,19
826,934,67,19
821,574,69,19
799,349,71,19
827,562,73,19
873,363,75,19
850,414,77,19
800,555,79,19
851,330,81,19
828,583,83,19
862,646,85,19
836,892,87,19
848,349,89,19
852,528,91,19
814,351,93,19
837,456,95,19
874,965,97,19
838,2037,99,19
789,973,101,19
815,4666,103,19
875,848,105,19
816,579,107,19
863,618,109,19
876,2447,111,19
792,10233,113,19
829,455,115,19
830,404,117,19
831,343,119,19
853,527,121,19
881,1227,123,19
854,1692,125,19
843,2061,127,19
864,478,129,19
877,255,131,19
865,623,133,19
817,427,135,19
878,831,137,19
866,1468,139,19
795,639,141,19
867,292,143,19
839,925,145,19
833,362,147,19
882,798,149,19
801,482,151,19
868,25601,153,19
842,5148,155,19
841,812,157,19
806,269,159,19
880,341,161,19
793,7636,163,19
834,529,165,19
820,717,167,19
870,2716,169,19
818,558,171,19
802,308,173,19
803,693,175,19
804,297,177,19
819,2753,179,19
879,1862,181,19
855,823,183,19
790,439,185,19
869,2461,187,19
832,363,189,19
840,456,191,19
871,5816,193,19
805,367,195,19
856,684,197,19
934,661,1,20
924,360,3,20
908,930,5,20
988,174,7,20
974,1166,9,20
909,685,11,20
984,414,13,20
896,2282,15,20
966,102,17,20
970,202,19,20
892,1051,21,20
935,46,23,20
925,51,25,20
897,269,27,20
975,366,29,20
950,319,31,20
936,33,33,20
937,1976,35,20
951,1868,37,20
989,166,39,20
990,771,41,20
976,293,43,20
961,3310,45,20
977,123,47,20
938,127,49,20
952,748,51,20
926,174,53,20
910,1455,55,20
929,1019,57,20
940,1249,59,20
927,1214,61,20
939,58,63,20
959,107,65,20
888,117,67,20
964,82,69,20
949,26,71,20
953,370,73,20
911,43,75,20
928,234,77,20
941,1080,79,20
978,45,81,20
942,45,83,20
889,389,85,20
991,649,87,20
943,86,89,20
960,8794,91,20
944,90,93,20
890,180,95,20
912,79,97,20
954,920,99,20
979,61,101,20
913,2007,103,20
898,111,105,20
955,505,107,20
891,65,109,20
931,1458,111,20
947,712,113,20
982,278,115,20
932,280,117,20
918,145,119,20
963,1168,121,20
905,102,123,20
919,2108,125,20
920,176,127,20
971,60,129,20
893,206,131,20
983,940,133,20
906,54,135,20
972,156,137,20
948,645,139,20
907,132,141,20
985,149,143,20
933,268,145,20
986,153,147,20
894,604,149,20
921,202,151,20
922,74,153,20
973,3212,155,20
958,133,157,20
945,435,159,20
987,1507,161,20
923,155,163,20
980,148,165,20
930,312,167,20
899,2442,169,20
981,76,171,20
956,22880,173,20
957,866,175,20
914,7726,177,20
962,73,179,20
915,259,181,20
887,99,183,20
946,193,185,20
916,24,187,20
967,119,189,20
900,1032,191,20
917,216,193,20
901,47,195,20
902,162,197,20
965,50,199,20
968,116,201,20
969,47,203,20
903,514,205,20
904,232,207,20
895,10121,209,20
1105,1291,1,21
1089,1165,3,21
1016,1094,5,21
1054,399,7,21
1055,3192,9,21
1053,1079,11,21
1106,3725,13,21
1005,3658,15,21
1090,1267,17,21
1091,3561,19,21
1056,1593,21,21
997,644,23,21
1107,1965,25,21
1017,1322,27,21
1092,2982,29,21
993,932,31,21
1069,903,33,21
1070,1548,35,21
1039,3553,37,21
1031,279,39,21
1032,837,41,21
1040,2458,43,21
1071,1436,45,21
1072,4723,47,21
1029,2522,49,21
1104,2854,51,21
1033,832,53,21
1093,385,55,21
1108,455,57,21
1073,4855,59,21
995,946,61,21
1041,894,63,21
1034,1510,65,21
1094,15652,67,21
1038,1225,69,21
1018,4563,71,21
1019,2407,73,21
1095,655,75,21
1035,371,77,21
1036,1376,79,21
1042,1682,81,21
1109,2051,83,21
1074,2037,85,21
1057,828,87,21
1037,2354,89,21
1058,501,91,21
1061,5566,93,21
1059,3603,95,21
992,1075,97,21
1110,1274,99,21
1075,3281,101,21
1076,1143,103,21
996,241,105,21
1077,2939,107,21
1078,1704,109,21
1043,42751,111,21
1007,3399,113,21
1096,2379,115,21
1020,7753,117,21
1097,2059,119,21
1008,4279,121,21
1044,1111,123,21
1079,5187,125,21
1009,1497,127,21
1111,1076,129,21
1006,1312,131,21
1010,3207,133,21
1001,1643,135,21
1062,2181,137,21
1011,606,139,21
1045,1604,141,21
998,373,143,21
1012,4296,145,21
1021,2147,147,21
1063,632,149,21
1022,5342,151,21
1023,1815,153,21
1002,1508,155,21
1080,1396,157,21
1060,1218,159,21
1046,1170,161,21
1081,1523,163,21
1098,497,165,21
1047,1247,167,21
1024,869,169,21
1064,696,171,21
1082,2050,173,21
1099,1335,175,21
1100,2193,177,21
999,2352,179,21
1083,672,181,21
1065,1799,183,21
1084,998,185,21
1085,707,187,21
1025,840,189,21
1048,930,191,21
1101,3607,193,21
1013,6398,195,21
1066,1605,197,21
1102,5066,199,21
1049,149,201,21
1086,1586,203,21
1026,1965,205,21
1050,1302,207,21
1087,2643,209,21
1014,2124,211,21
1027,864,213,21
1051,420,215,21
1028,1846,217,21
1030,897,219,21
1003,747,221,21
994,452,223,21
1067,1051,225,21
1088,6544,227,21
1052,635,229,21
1000,1983,231,21
1068,885,233,21
1015,3225,235,21
1103,1185,237,21
1004,1066,239,21
1134,4648,1,22
1173,1404,3,22
1142,4838,5,22
1164,1457,7,22
1163,3031,9,22
1122,1772,11,22
1123,1294,13,22
1124,5919,15,22
1140,17921,17,22
1160,10856,19,22
1139,469,21,22
1125,225,23,22
1159,529,25,22
1161,1626,27,22
1115,1090,29,22
1151,2082,31,22
1166,26298,33,22
1141,814,35,22
1126,1031,37,22
1144,2743,39,22
1162,1679,41,22
1120,1287,43,22
1145,5389,45,22
1152,2676,47,22
1165,1441,49,22
1121,22229,51,22
1118,2029,53,22
1143,10787,55,22
1114,5080,57,22
1175,890,59,22
1146,3616,61,22
1154,7602,63,22
1174,855,65,22
1155,2246,67,22
1156,4102,69,22
1157,30626,71,22
1129,10121,73,22
1128,1005,75,22
1167,1404,77,22
1130,8952,79,22
1153,473,81,22
1168,1482,83,22
1172,1730,85,22
1147,2177,87,22
1113,2344,89,22
1148,1283,91,22
1119,1082,93,22
1127,3026,95,22
1132,5609,97,22
1169,3178,99,22
1135,3696,101,22
1137,8479,103,22
1133,10387,105,22
1116,398,107,22
1158,6588,109,22
1138,1274,111,22
1112,3830,113,22
1170,2274,115,22
1131,4938,117,22
1149,3135,119,22
1150,1394,121,22
1136,497,123,22
1117,496,125,22
1171,1009,127,22
1182,9357,1,23
1183,6823,3,23
1185,12896,5,23
1190,1938,7,23
1176,3176,9,23
1189,9296,11,23
1186,2251,13,23
1178,2032,15,23
1177,4114,17,23
1180,11896,19,23
1181,1777,21,23
1187,1899,23,23
1191,4995,25,23
1179,3040,27,23
1184,3428,29,23
1188,10198,31,23
1197,5442,1,24
1200,14872,3,24
1201,33792,5,24
1203,2572,9,24
1215,2227,11,24
1207,4594,13,24
1214,4054,15,24
1210,5054,17,24
1211,3067,19,24
1202,6519,21,24
1204,2007,23,24
1196,8315,25,24
1198,6184,27,24
1205,1121,29,24
1206,26020,31,24
1199,34851,33,24
1208,1391,35,24
1209,4351,37,24
1194,2108,39,24
1195,1891,41,24
1212,8980,43,24
1213,6386,45,24
1192,2492,47,24
1193,63221,510,24
1217,7725,1,25
1220,8026,3,25
1221,35367,5,25
1218,231,7,25
1224,43713,9,25
1225,4506,11,25
1222,41818,13,25
1228,5857,15,25
1219,49669,17,25
1229,207,19,25
1226,20154,21,25
1223,20773,23,25
1216,59428,25,25
1227,40135,27,25
1308,724,1,26
1296,396,3,26
1293,3999,5,26
1309,2352,7,26
1262,1198,9,26
1249,1341,11,26
1284,420,13,26
1250,2595,15,26
1285,7508,17,26
1253,692,19,26
1230,10338,21,26
1257,2149,23,26
1277,8994,25,26
1251,2729,27,26
1286,1169,29,26
1278,1696,31,26
1291,2230,33,26
1301,2921,35,26
1235,2265,37,26
1234,1205,39,26
1288,2498,41,26
1236,1638,43,26
1287,5046,45,26
1290,1554,47,26
1261,35680,49,26
1270,2228,51,26
1289,1151,53,26
1258,3978,55,26
1237,2507,57,26
1295,2535,59,26
1263,1698,61,26
1238,1639,63,26
1239,16286,65,26
1310,3700,67,26
1265,2189,69,26
1252,686,71,26
1304,3688,73,26
1259,9447,75,26
1271,14092,77,26
1311,1122,79,26
1280,31600,81,26
1303,116,83,26
1266,1053,85,26
1300,4448,87,26
1299,591,89,26
1240,4941,91,26
1264,4564,93,26
1279,331,95,26
1260,665,97,26
1281,44945,99,26
1267,1445,101,26
1273,3255,103,26
1241,1920,105,26
1272,2492,107,26
1242,1430,109,26
1312,4268,111,26
1244,960,113,26
1292,7737,115,26
1243,3852,117,26
1268,651,119,26
1297,13878,121,26
1274,3915,123,26
1294,44637,125,26
1298,1751,127,26
1231,1979,129,26
1305,345,131,26
1275,1642,133,26
1232,707,135,26
1276,1532,137,26
1306,7599,139,26
1269,744,141,26
1254,2122,143,26
1282,15706,145,26
1246,10446,147,26
1245,3425,149,26
1302,2613,151,26
1255,605,153,26
1283,4211,155,26
1307,3772,157,26
1247,5292,159,26
1248,12553,161,26
1256,169882,163,26
1233,2308,165,26
1315,940,1,27
1370,10313,3,27
1328,1700,5,27
1362,2345,7,27
1390,2148,9,27
1330,192,11,27
1363,2365,13,27
1331,858,15,27
1379,1313,17,27
1391,1302,19,27
1333,1646,21,27
1332,332,23,27
1358,1712,25,27
1316,2082,27,27
1334,536,29,27
1380,200,31,27
1344,639,33,27
1349,2241,35,27
1372,10203,37,27
1346,492,39,27
1353,1220,41,27
1317,529,43,27
1319,756,45,27
1392,1399,47,27
1335,1303,49,27
1354,246,51,27
1329,51969,53,27
1364,649,55,27
1336,945,57,27
1337,1238,59,27
1393,2271,61,27
1338,285,63,27
1381,747,65,27
1320,1773,67,27
1355,95,69,27
1382,893,71,27
1365,236,73,27
1321,376,75,27
1366,112,77,27
1356,806,79,27
1373,160,81,27
1374,977,83,27
1394,1100,85,27
1357,457,87,27
1375,207,89,27
1339,784,91,27
1383,815,93,27
1376,1075,95,27
1384,1376,97,27
1340,1671,99,27
1318,243,101,27
1352,1152,103,27
1341,969,105,27
1350,223,107,27
1343,5504,109,27
1367,1956,111,27
1385,537,113,27
1342,1316,115,27
1348,488,117,27
1322,1354,119,27
1395,361,121,27
1396,29099,123,27
1314,162,125,27
1359,481,127,27
1377,436,129,27
1386,1981,131,27
1323,290,133,27
1324,434,135,27
1369,9844,137,27
1345,2566,139,27
1388,1718,141,27
1325,433,143,27
1371,5666,145,27
1387,1140,147,27
1397,235,149,27
1398,448,151,27
1361,1023,153,27
1326,203,155,27
1347,539,157,27
1389,676,159,27
1368,617,161,27
1378,4767,163,27
1327,439,165,27
1313,449,167,27
1399,1486,169,27
1351,2922,171,27
1360,422,173,27
1434,2642,1,28
1433,2279,3,28
1441,937,5,28
1422,1742,7,28
1423,522,9,28
1449,3689,11,28
1439,1033,13,28
1473,291,15,28
1472,1445,17,28
1403,662,19,28
1413,824,21,28
1457,1166,23,28
1435,1569,25,28
1425,3455,27,28
1474,2108,29,28
1437,1424,31,28
1436,5680,33,28
1404,5464,35,28
1424,606,37,28
1475,1069,39,28
1446,771,41,28
1476,1164,43,28
1400,3226,45,28
1414,13920,47,28
1477,18013,49,28
1440,1954,51,28
1438,1124,53,28
1407,120,55,28
1405,1327,57,28
1408,7232,59,28
1426,1501,61,28
1478,867,63,28
1415,1108,65,28
1427,4283,67,28
1458,1011,69,28
1406,1657,71,28
1450,3171,73,28
1417,5632,75,28
1468,744,77,28
1463,1422,79,28
1451,4764,81,28
1410,2469,83,28
1418,1816,85,28
1409,4498,87,28
1442,3636,89,28
1443,2041,91,28
1447,2123,93,28
1429,2334,95,28
1459,923,97,28
1461,2146,99,28
1479,1178,101,28
1464,1378,103,28
1460,2457,105,28
1469,2618,107,28
1462,3713,109,28
1470,930,111,28
1452,3118,113,28
1430,1527,115,28
1481,2090,117,28
1448,1082,119,28
1465,4403,121,28
1419,1862,123,28
1401,583,125,28
1416,2004,127,28
1454,745,129,28
1455,1218,131,28
1431,2863,133,28
1453,1247,135,28
1466,1645,137,28
1402,1494,139,28
1444,1070,141,28
1411,1290,143,28
1480,1437,145,28
1428,952,147,28
1456,3053,149,28
1467,5680,151,28
1445,1689,153,28
1432,777,155,28
1412,778,157,28
1420,1783,159,28
1471,944,161,28
1421,2582,163,28
1513,1035,1,29
1493,495,3,29
1594,242,5,29
1506,1078,7,29
1532,2072,9,29
1533,738,11,29
1595,954,13,29
1596,1233,15,29
1590,814,17,29
1534,7005,19,29
1561,5188,21,29
1494,3615,23,29
1562,390,25,29
1563,1889,27,29
1517,1974,29,29
1591,3465,31,29
1495,545,33,29
1483,516,35,29
1564,3862,37,29
1535,1396,39,29
1586,253,41,29
1507,2805,43,29
1518,302,45,29
1580,7291,47,29
1565,775,49,29
1536,3168,51,29
1566,743,53,29
1537,1768,55,29
1484,422,57,29
1567,995,59,29
1496,329,61,29
1508,287,63,29
1582,1116,65,29
1549,1255,67,29
1550,3370,69,29
1551,4283,71,29
1538,571,73,29
1568,290,75,29
1509,13870,77,29
1587,548,79,29
1510,472,81,29
1552,1667,83,29
1569,651,85,29
1497,215,87,29
1553,418,89,29
1482,3308,91,29
1539,824,93,29
1554,37933,95,29
1519,6809,97,29
1520,10000,99,29
1486,2321,101,29
1498,200,103,29
1487,2455,105,29
1511,1786,107,29
1555,2322,109,29
1521,309,111,29
1570,2484,113,29
1485,517,115,29
1540,824,117,29
1522,1431,119,29
1541,655,121,29
1578,849,123,29
1488,520,125,29
1500,1642,127,29
1577,135,129,29
1556,1355,131,29
1571,1779,133,29
1542,532,135,29
1572,387,137,29
1501,713,139,29
1588,1334,141,29
1523,2083,143,29
1573,2628,145,29
1584,1002,147,29
1543,854,149,29
1502,309,151,29
1574,812,153,29
1544,2237,155,29
1524,836,157,29
1545,2444,159,29
1489,2173,161,29
1575,998,163,29
1490,2065,165,29
1525,1838,167,29
1557,1594,169,29
1558,249,171,29
1526,313,173,29
1548,1164,175,29
1527,1044,177,29
1529,485,179,29
1499,1195,181,29
1576,7093,183,29
1512,577,185,29
1546,1040,186,29
1491,4468,187,29
1530,37970,189,29
1583,1279,195,29
1514,250,197,29
1515,219,199,29
1531,3220,201,29
1547,707,203,29
1592,285,205,29
1503,2224,207,29
1528,1530,209,29
1516,252,211,29
1559,3479,213,29
1560,1929,215,29
1581,1447,217,29
1504,1482,219,29
1505,2072,221,29
1589,1244,223,29
1593,2017,225,29
1585,81,227,29
1579,1845,229,29
1492,32021,510,29
1650,350,1,30
1630,827,3,30
1606,463,5,30
1631,179,7,30
1649,279,9,30
1628,18,11,30
1639,3806,13,30
1599,325,15,30
1597,347,17,30
1615,18,19,30
1629,481,21,30
1620,621,23,30
1614,27,25,30
1640,466,27,30
1651,3489,29,30
1647,1915,31,30
1641,9,33,30
1613,875,35,30
1617,47,37,30
1622,127,39,30
1598,1150,41,30
1621,295,43,30
1618,51,45,30
1632,2058,47,30
1633,2779,49,30
1607,37,51,30
1603,1193,53,30
1623,0,55,30
1625,115,57,30
1648,88,59,30
1642,325,61,30
1636,6401,63,30
1652,292,65,30
1604,631,67,30
1643,11,69,30
1601,146,71,30
1634,355,73,30
1602,49,75,30
1644,353,77,30
1611,0,79,30
1637,2296,81,30
1609,170,83,30
1605,551,85,30
1626,363,87,30
1645,890,89,30
1627,160,91,30
1619,2735,93,30
1616,259,95,30
1608,104,97,30
1610,183,99,30
1612,178,101,30
1600,32,103,30
1638,483,105,30
1624,69,107,30
1646,27,109,30
1635,5643,111,30
1723,1281,1,31
1661,257,3,31
1665,6,5,31
1729,29,7,31
1712,6,9,31
1726,121,11,31
1721,379,13,31
1742,50,15,31
1722,82,17,31
1713,1498,19,31
1687,273,21,31
1663,259,23,31
1688,488,25,31
1698,195,27,31
1662,63,29,31
1743,209,31,31
1701,296,33,31
1664,194,35,31
1714,290,37,31
1689,183,39,31
1666,365,41,31
1659,1041,43,31
1699,251,45,31
1702,969,47,31
1715,66,49,31
1690,149,51,31
1744,1780,53,31
1732,23587,55,31
1691,82,57,31
1745,196,59,31
1667,130,61,31
1730,76,63,31
1736,174,65,31
1668,773,67,31
1653,61,69,31
1703,68,71,31
1737,22,73,31
1692,10,75,31
1693,57,77,31
1694,2918,79,31
1669,232,81,31
1710,106,83,31
1695,23,85,31
1716,119,87,31
1735,146,89,31
1654,22,91,31
1734,210,93,31
1671,267,95,31
1700,141,97,31
1672,238,99,31
1673,280,101,31
1680,7,103,31
1681,162,105,31
1682,285,107,31
1725,11393,109,31
1683,1791,111,31
1717,22,113,31
1670,5,115,31
1704,4,117,31
1674,1612,119,31
1684,297,121,31
1655,202,123,31
1705,165,125,31
1656,220,127,31
1727,155,129,31
1696,626,131,31
1706,110,133,31
1675,31,135,31
1676,271,137,31
1685,195,139,31
1718,835,141,31
1719,86,143,31
1697,315,145,31
1733,442,147,31
1728,25,149,31
1738,418,151,31
1739,3635,153,31
1677,539,155,31
1678,1840,157,31
1657,401,159,31
1724,247,161,31
1731,78,163,31
1686,34,165,31
1707,235,167,31
1720,229,169,31
1658,1,171,31
1740,490,173,31
1708,135,175,31
1741,812,177,31
1679,117,179,31
1660,130,181,31
1709,15,183,31
1711,412,185,31
1746,1258,1,32
1760,103669,3,32
1747,1676,5,32
1755,1166,7,32
1750,35,9,32
1751,34,11,32
1752,352,13,32
1748,174,15,32
1756,180,17,32
1762,2912,19,32
1753,336,21,32
1757,2870,23,32
1749,230,27,32
1758,161,29,32
1759,19007,31,32
1754,318,33,32
1761,3140,510,32
1767,2512,1,33
1772,2006,3,33
1763,3021,5,33
1771,2112,7,33
1765,2943,9,33
1769,13940,11,33
1764,5475,13,33
1766,5773,15,33
1770,4764,17,33
1768,1746,19,33
1780,15655,1,34
1787,19569,3,34
1792,10154,5,34
1786,24319,7,34
1785,2980,9,34
1776,9816,11,34
1778,45680,13,34
1781,9735,15,34
1790,41478,17,34
1791,1620,19,34
1774,12620,21,34
1782,19332,23,34
1773,15693,25,34
1793,6896,27,34
1779,18634,29,34
1784,33056,31,34
1783,3358,33,34
1777,3762,35,34
1775,2402,37,34
1788,18043,39,34
1789,3320,41,34
1810,41732,1,35
1814,91,3,35
1797,5011,5,35
1811,2659,6,35
1822,1185,7,35
1821,3376,9,35
1812,102,11,35
1826,18305,13,35
1823,3209,15,35
1820,2396,17,35
1813,268,19,35
1824,9,21,35
1815,394,23,35
1798,3215,25,35
1796,1160,27,35
1804,126,28,35
1816,2637,29,35
1817,5228,31,35
1825,374,33,35
1807,4122,35,35
1795,523,37,35
1805,2132,39,35
1803,1532,41,35
1818,6026,43,35
1794,7507,45,35
1806,2997,47,35
1799,6435,49,35
1801,1310,51,35
1802,877,53,35
1819,2513,55,35
1809,1280,57,35
1800,200,59,35
1808,6053,61,35
1878,15087,1,36
1879,2994,3,36
1828,184934,5,36
1880,13226,7,36
1881,5801,9,36
1846,4256,11,36
1842,10496,13,36
1872,5557,15,36
1863,3848,17,36
1831,5897,19,36
1850,2879,21,36
1864,2569,23,36
1854,3052,25,36
1865,11122,27,36
1882,64923,29,36
1855,1842,31,36
1835,3387,33,36
1830,3434,35,36
1886,3059,37,36
1876,1436,39,36
1840,112,41,36
1836,4510,43,36
1866,7286,45,36
1843,231794,47,36
1851,1625,49,36
1873,3431,51,36
1883,3641,53,36
1867,47384,55,36
1856,3804,57,36
1857,23856,59,36
1844,109995,61,36
1852,12003,63,36
1868,16861,65,36
1829,27885,67,36
1837,4536,69,36
1888,14086,71,36
1847,2845,73,36
1874,8291,75,36
1875,2778,77,36
1834,1365,79,36
1838,112954,81,36
1833,7795,83,36
1858,21851,85,36
1849,11499,87,36
1859,7281,89,36
1848,7797,91,36
1884,7566,93,36
1827,1749,95,36
1860,1038,97,36
1832,1759,99,36
1839,5869,101,36
1869,35955,103,36
1885,3897,105,36
1845,2952,107,36
1861,3892,109,36
1870,8396,111,36
1862,3280,113,36
1841,3848,115,36
1877,4456,117,36
1853,32003,119,36
1871,1755,121,36
1887,1171,123,36
1892,10059,1,37
1921,1958,3,37
1898,904,5,37
1952,2404,7,37
1962,1874,9,37
1975,1042,11,37
1963,3609,13,37
1927,2253,15,37
1922,3960,17,37
1960,7180,19,37
1976,11610,21,37
1977,6072,23,37
1978,6971,25,37
1899,5407,27,37
1939,481,29,37
1924,3763,31,37
1979,1825,33,37
1900,9121,35,37
1953,2751,37,37
1915,1550,39,37
1897,1440,41,37
1940,684,43,37
1901,7374,45,37
1964,5353,47,37
1902,5865,49,37
1941,21579,51,37
1916,860,53,37
1923,1551,55,37
1981,10964,57,37
1980,1478,59,37
1982,4533,61,37
1983,14705,63,37
1903,6268,65,37
1919,17923,67,37
1955,4010,69,37
1942,13819,71,37
1928,628,73,37
1929,406,75,37
1904,2904,77,37
1894,1821,79,37
1943,29823,81,37
1891,6250,83,37
1905,6878,85,37
1895,3730,87,37
1907,4544,89,37
1984,2626,91,37
1906,3343,93,37
1908,383,95,37
1909,5760,97,37
1944,2052,99,37
1956,9357,101,37
1957,951,103,37
1985,3635,105,37
1965,6250,107,37
1966,4312,109,37
1954,3629,111,37
1958,2210,113,37
1931,1331,115,37
1930,1630,117,37
1910,43840,119,37
1896,1080,121,37
1967,1961,123,37
1945,3730,125,37
1920,6687,127,37
1986,11252,129,37
1911,2577,131,37
1968,7543,133,37
1969,3980,135,37
1932,749,137,37
1946,2611,139,37
1987,3107,141,37
1933,1064,143,37
1959,3314,145,37
1912,10668,147,37
1934,823,149,37
1935,8850,151,37
1970,4855,153,37
1947,13858,155,37
1936,6530,157,37
1913,7921,159,37
1971,5492,161,37
1972,4930,163,37
1889,3695,165,37
1948,3617,167,37
1937,2685,169,37
1973,5256,171,37
1949,656,173,37
1961,2021,175,37
1893,293,177,37
1917,7160,179,37
1914,4428,181,37
1950,27016,183,37
1925,1623,185,37
1938,1383,187,37
1890,1655,189,37
1988,9048,191,37
1918,5007,193,37
1926,6155,195,37
1974,2228,197,37
1951,1333,199,37
2014,42,1,38
2016,413,3,38
2002,545,5,38
1993,4,7,38
2015,252,9,38
2026,85,11,38
1989,55,13,38
2027,2231,15,38
2006,6543,17,38
1996,53,19,38
1994,93,21,38
2034,38,23,38
2007,75,25,38
2017,98,27,38
2008,135,29,38
2035,87,31,38
2028,55,33,38
2018,2881,35,38
1998,52,37,38
2036,79,39,38
2003,73,41,38
1995,40,43,38
2004,96,45,38
2029,28,47,38
1999,200,49,38
2009,96,51,38
2019,133,53,38
2021,217,55,38
2020,218,57,38
2005,696,59,38
1990,91,61,38
2010,118,63,38
2030,29,65,38
2000,205,67,38
2022,253,69,38
2033,439,71,38
2023,185,73,38
2024,78,75,38
2011,449,77,38
2012,1431,79,38
2037,113,81,38
2038,77,83,38
2025,343,85,38
2039,15,87,38
2040,828,89,38
2001,19,91,38
2032,945,93,38
2031,92,95,38
1991,227,97,38
2013,545,99,38
1997,1302,101,38
2041,104,103,38
1992,807,105,38
2046,3044,1,39
2108,6215,3,39
2128,2328,5,39
2129,7900,7,39
2045,4401,9,39
2095,1580,11,39
2081,3883,13,39
2063,2804,15,39
2064,16012,17,39
2071,1282,19,39
2051,1894,21,39
2118,10843,23,39
2073,7574,25,39
2082,2581,27,39
2096,6942,29,39
2109,2546,31,39
2110,2893,33,39
2119,101402,35,39
2097,2053,37,39
2075,1833,39,39
2111,2862,41,39
2065,4739,43,39
2074,7786,45,39
2083,2178,47,39
2056,71622,49,39
2099,1762,51,39
2042,2614,53,39
2112,1931,55,39
2054,6470,57,39
2113,3173,59,39
2055,49702,61,39
2072,3227,63,39
2100,1649,65,39
2066,959,67,39
2077,990,69,39
2076,3370,71,39
2114,2458,73,39
2120,761,75,39
2043,3574,77,39
2101,2769,79,39
2078,5289,81,39
2067,3053,83,39
2115,8656,85,39
2057,5410,87,39
2068,8483,89,39
2086,2505,91,39
2121,16245,93,39
2102,36306,95,39
2087,2142,97,39
2044,19554,99,39
2058,4924,101,39
2048,4667,103,39
2049,2401,105,39
2116,1215,107,39
2122,3807,109,39
2123,834,111,39
2124,36617,113,39
2059,1245,115,39
2103,1648,117,39
2089,7237,119,39
2104,588,121,39
2098,1717,123,39
2053,965,125,39
2084,3103,127,39
2085,2778,129,39
2052,2670,131,39
2079,7617,133,39
2105,2016,135,39
2080,952,137,39
2069,8391,139,39
2117,6127,141,39
2090,3100,143,39
2047,8439,145,39
2106,3102,147,39
2091,1864,149,39
2107,22886,151,39
2088,33911,153,39
2125,12313,155,39
2060,5103,157,39
2050,1422,159,39
2092,1569,161,39
2070,1403,163,39
2126,4352,165,39
2093,3667,167,39
2061,5184,169,39
2094,2078,171,39
2127,4012,173,39
2062,875,175,39
2130,2009,1,40
2150,175,3,40
2156,1176,5,40
2198,121,7,40
2200,854,9,40
2134,518,11,40
2157,2627,13,40
2152,1646,15,40
2165,3460,17,40
2135,2720,19,40
2181,2508,21,40
2202,1676,23,40
2133,115,25,40
2153,10421,27,40
2136,423,29,40
2204,6787,31,40
2190,350,33,40
2162,785,35,40
2187,3655,37,40
2197,968,39,40
2182,2704,41,40
2158,90,43,40
2183,119,45,40
2174,3171,47,40
2175,1289,49,40
2184,2474,51,40
2137,182,53,40
2138,464,55,40
2166,227,57,40
2159,91,59,40
2167,1044,61,40
2201,680,63,40
2203,1722,65,40
2172,473,67,40
2176,850,69,40
2160,3099,71,40
2139,420,73,40
2191,777,75,40
2168,685,77,40
2192,3753,79,40
2205,1740,81,40
2161,1854,83,40
2199,228,85,40
2140,1315,87,40
2193,2863,89,40
2141,1687,91,40
2194,311,93,40
2142,820,95,40
2195,2749,97,40
2143,734,99,40
2154,5342,101,40
2144,500,103,40
2145,624,105,40
2155,787,107,40
2196,43709,109,40
2169,3149,111,40
2170,2262,113,40
2146,2380,115,40
2206,734,117,40
2185,3326,119,40
2177,2837,121,40
2178,2068,123,40
2186,4786,125,40
2173,1022,127,40
2179,98,129,40
2147,3300,131,40
2131,2114,133,40
2148,3355,135,40
2132,2329,137,40
2171,565,139,40
2188,625,141,40
2163,33052,143,40
2149,3376,145,40
2164,2417,147,40
2189,447,149,40
2151,333,151,40
2180,879,153,40
2218,1204,1,41
2223,4330,3,41
2213,19195,5,41
2235,2991,7,41
2224,3678,9,41
2236,6828,11,41
2225,2364,13,41
2237,1915,15,41
2214,11057,17,41
2209,10014,19,41
2238,99,21,41
2210,641,23,41
2228,648,25,41
2239,1109,27,41
2208,18011,29,41
2211,2194,31,41
2219,8355,33,41
2220,7312,35,41
2240,752,37,41
2229,31528,39,41
2222,4885,41,41
2215,10016,43,41
2230,3140,45,41
2207,25219,47,41
2234,616,49,41
2241,62305,51,41
2212,5341,53,41
2226,98,55,41
2216,1993,57,41
2221,6287,59,41
2242,2149,61,41
2231,554,63,41
2227,2165,65,41
2232,25920,67,41
2233,105,69,41
2217,6701,71,41
2276,3230,1,42
2266,68711,3,42
2277,4537,5,42
2285,10017,7,42
2247,2811,9,42
2259,21948,11,42
2255,8907,13,42
2256,2956,15,42
2286,14741,17,42
2301,6924,19,42
2257,10246,21,42
2283,318,23,42
2279,3149,25,42
2280,4441,27,42
2258,9999,29,42
2291,2277,31,42
2293,5757,33,42
2278,2307,35,42
2300,3228,37,42
2270,5818,39,42
2265,7310,41,42
2248,14761,43,42
2243,23820,45,42
2302,1409,47,42
2271,19925,49,42
2290,11585,51,42
2249,189,53,42
2244,6534,55,42
2272,816,57,42
2294,2720,59,42
2260,2618,61,42
2261,4786,63,42
2303,2944,65,42
2273,957,67,42
2287,14157,69,42
2304,19545,71,42
2262,7300,73,42
2295,6776,75,42
2288,19503,77,42
2297,22426,79,42
2296,6938,81,42
2289,3100,83,42
2305,7505,85,42
2263,3438,87,42
2251,7204,89,42
2292,20370,91,42
2298,713,93,42
2282,12467,95,42
2281,5521,97,42
2306,1783,99,42
2252,153052,101,42
2267,2067,103,42
2307,899,105,42
2274,9295,107,42
2268,1690,109,42
2250,4299,111,42
2308,325,113,42
2269,1747,115,42
2309,1977,117,42
2245,1634,119,42
2284,3452,121,42
2299,2404,123,42
2264,10683,125,42
2246,2433,127,42
2254,18377,129,42
2275,1208,131,42
2253,19864,133,42
2313,1959,1,44
2311,9102,3,44
2310,3581,5,44
2312,50860,7,44
2314,4350,9,44
2343,1996,1,45
2315,10181,3,45
2316,1069,5,45
2333,11671,7,45
2344,1213,9,45
2326,2143,11,45
2345,5021,13,45
2327,8928,15,45
2346,981,17,45
2328,15252,19,45
2334,4161,21,45
2319,2048,23,45
2335,3865,25,45
2320,3567,27,45
2321,3099,29,45
2329,6299,31,45
2347,3435,33,45
2354,6962,35,45
2318,1523,37,45
2350,1613,39,45
2355,10478,41,45
2330,4436,43,45
2352,20385,45,45
2336,4776,47,45
2351,1369,49,45
2338,16814,51,45
2337,1812,53,45
2339,2987,55,45
2353,3645,57,45
2356,4364,59,45
2340,1679,61,45
2324,13740,63,45
2357,827,65,45
2322,3362,67,45
2331,2445,69,45
2317,2461,71,45
2325,4568,73,45
2341,7157,75,45
2358,5199,77,45
2349,21508,79,45
2348,1183,81,45
2342,15798,83,45
2323,8179,85,45
2359,2271,87,45
2360,3563,89,45
2332,9973,91,45
2361,92,3,46
2390,1327,5,46
2397,245,7,46
2420,227,9,46
2422,820,11,46
2404,1320,13,46
2421,310,15,46
2373,254,17,46
2391,682,19,46
2395,25,21,46
2405,506,23,46
2368,94,25,46
2374,746,27,46
2389,1352,29,46
2392,492,31,46
2366,314,33,46
2393,1222,35,46
2375,342,37,46
2418,112,39,46
2376,561,41,46
2377,64,43,46
2394,74,45,46
2423,328,47,46
2369,38,49,46
2362,184,51,46
2424,255,53,46
2398,20,55,46
2425,101,57,46
2385,53,59,46
2406,44,61,46
2378,9,63,46
2379,705,65,46
2370,194,67,46
2367,27,69,46
2364,233,71,46
2396,67,73,46
2400,23,75,46
2371,144,77,46
2386,372,79,46
2387,1101,81,46
2384,695,83,46
2416,218,85,46
2407,137,87,46
2380,104,89,46
2408,89,91,46
2401,1214,93,46
2409,198,95,46
2415,102,97,46
2365,8037,99,46
2410,233,101,46
2426,1710,102,46
2412,5535,103,46
2411,118,105,46
2402,42,107,46
2381,544,109,46
2382,118,111,46
2419,238,115,46
2399,36,117,46
2383,14,119,46
2413,1179,121,46
2363,340,123,46
2403,390,125,46
2414,380,127,46
2372,306,129,46
2388,1287,135,46
2417,343,137,46
2461,5708,1,47
2507,3228,3,47
2478,1467,5,47
2479,1261,7,47
2492,7042,9,47
2435,6518,11,47
2480,3790,13,47
2481,1143,15,47
2427,2247,17,47
2494,4602,19,47
2493,1875,21,47
2428,1275,23,47
2513,2915,25,47
2508,634,27,47
2449,3922,29,47
2482,3574,31,47
2450,993,33,47
2510,4604,35,47
2430,37433,37,47
2429,1042,39,47
2451,1245,41,47
2444,3034,43,47
2462,2887,45,47
2483,2354,47,47
2463,2063,49,47
2491,2440,51,47
2464,3729,53,47
2496,2005,55,47
2495,1856,57,47
2509,4738,59,47
2446,1436,61,47
2437,5112,63,47
2465,19555,65,47
2484,1003,67,47
2466,1863,69,47
2442,2241,71,47
2485,4964,73,47
2438,1982,75,47
2514,2565,77,47
2448,2546,79,47
2515,1945,81,47
2439,426,83,47
2516,901,85,47
2431,867,87,47
2517,3792,89,47
2486,1577,91,47
2453,23863,93,47
2452,858,95,47
2497,2723,97,47
2498,3112,99,47
2454,900,101,47
2487,2357,103,47
2467,2229,105,47
2455,3781,107,47
2432,2384,109,47
2488,1802,111,47
2499,6728,113,47
2500,2027,115,47
2456,1640,117,47
2440,4782,119,47
2436,1071,121,47
2447,3555,123,47
2443,9316,125,47
2489,261,127,47
2445,2007,129,47
2457,2337,131,47
2501,1136,133,47
2433,645,135,47
2502,480,137,47
2468,991,139,47
2518,3883,141,47
2458,2576,143,47
2434,3882,145,47
2490,3144,147,47
2469,11626,149,47
2459,2745,151,47
2519,1158,153,47
2520,6185,155,47
2511,67719,157,47
2470,1196,159,47
2521,889,161,47
2473,11758,163,47
2503,7606,165,47
2460,4293,167,47
2505,478,169,47
2474,1454,171,47
2441,1916,173,47
2512,332,175,47
2475,3245,177,47
2476,7599,179,47
2504,1075,181,47
2477,2877,183,47
2471,1822,185,47
2506,2503,187,47
2472,4483,189,47
2602,1955,1,48
2713,436,3,48
2554,6102,5,48
2572,1038,7,48
2769,238,9,48
2743,13,11,48
2640,2546,13,48
2610,1062,15,48
2700,314,17,48
2571,857,19,48
2589,3670,21,48
2702,242,23,48
2592,1297,25,48
2703,16267,27,48
2699,88647,29,48
2754,187,31,48
2674,8,33,48
2697,666,35,48
2768,4966,37,48
2637,10627,39,48
2686,7151,41,48
2770,622,43,48
2631,88,45,48
2609,802,47,48
2590,1879,49,48
2753,999,51,48
2714,1418,53,48
2657,2014,55,48
2622,1020,57,48
2687,571,59,48
2704,32236,61,48
2535,971,63,48
2623,150,65,48
2688,1860,67,48
2744,287,69,48
2701,880,71,48
2729,2914,73,48
2573,368,75,48
2538,520,77,48
2574,162,79,48
2575,158,81,48
2641,490,83,48
2553,12482,85,48
2555,228,87,48
2613,546,89,48
2576,2530,91,48
2607,564,93,48
2730,36,95,48
2748,1971,97,48
2577,2812,99,48
2556,162,101,48
2595,104,103,48
2775,143,105,48
2749,450,107,48
2547,132,109,48
2739,246,111,48
2717,129257,113,48
2750,655,115,48
2759,887,117,48
2731,314,119,48
2705,16634,121,48
2685,1087,123,48
2599,121,125,48
2740,1106,127,48
2639,140,129,48
2752,1141,131,48
2733,837,133,48
2548,6929,135,48
2732,84,137,48
2603,4950,139,48
2761,58956,141,48
2636,1759,143,48
2608,1085,145,48
2683,1442,147,48
2650,647,149,48
2751,138,151,48
2698,392,153,48
2624,90,155,48
2742,16757,157,48
2593,600,159,48
2625,1049,161,48
2594,1125,163,48
2689,501,165,48
2760,14074,167,48
2549,279,169,48
2715,834,171,48
2550,11,173,48
2626,371,175,48
2716,1283,177,48
2691,915,179,48
2679,6744,181,48
2690,6970,183,48
2551,1254,185,48
2537,4210,187,48
2661,2051,189,48
2591,259,191,48
2627,535,193,48
2536,126,195,48
2628,206,197,48
2522,2146,199,48
2712,210381,201,48
2647,3221,203,48
2539,61,205,48
2523,396,207,48
2557,5360,209,48
2578,97,211,48
2646,4304,213,48
2772,71887,215,48
2540,1940,217,48
2675,1103,219,48
2723,2026,221,48
2724,1897,223,48
2579,1445,225,48
2524,1197,227,48
2643,235,229,48
2534,4984,231,48
2707,995,233,48
2745,42,235,48
2694,284,237,48
2604,522,239,48
2755,1763,241,48
2735,97,243,48
2756,15115,245,48
2736,474,247,48
2737,2558,249,48
2722,5674,251,48
2734,704,253,48
2684,722,255,48
2695,4070,257,48
2696,785,259,48
2611,40,261,48
2771,34,263,48
2605,2086,265,48
2652,257,267,48
2727,3,269,48
2757,100,271,48
2746,1902,273,48
2728,181,275,48
2649,3457,277,48
2558,756,279,48
2596,904,281,48
2762,297,283,48
2632,649,285,48
2600,634,287,48
2525,653,289,48
2633,4957,291,48
2541,1252,293,48
2559,93,295,48
2680,261,297,48
2681,791,299,48
2560,3,301,48
2693,14242,303,48
2718,412,305,48
2597,600,307,48
2725,11904,309,48
2719,0,311,48
2692,515,313,48
2676,939,315,48
2653,46,317,48
2598,97,319,48
2561,2315,321,48
2677,5052,323,48
2644,2109,325,48
2648,105,327,48
2678,4153,329,48
2606,1619,331,48
2526,113,333,48
2629,240,335,48
2527,927,337,48
2738,13012,339,48
2580,815,341,48
2709,976,343,48
2638,73,345,48
2542,3873,347,48
2581,3523,349,48
2528,852,351,48
2642,849,353,48
2612,21717,355,48
2726,341,357,48
2758,32,359,48
2706,5324,361,48
2682,1588,363,48
2529,1137,365,48
2544,3495,367,48
2543,332,369,48
2562,378,371,48
2654,2964,373,48
2582,7618,375,48
2545,860,377,48
2615,558,379,48
2616,3562,381,48
2659,34,383,48
2617,119,385,48
2663,734,387,48
2530,494,389,48
2655,316,391,48
2763,8,393,48
2563,1126,395,48
2564,1587,397,48
2664,469,399,48
2565,2230,401,48
2531,404,403,48
2583,636,405,48
2665,1734,407,48
2614,3011,409,48
2618,190,411,48
2619,65,413,48
2584,513,415,48
2585,154,417,48
2662,1758,419,48
2532,23,421,48
2773,9323,423,48
2774,481,425,48
2586,6993,427,48
2710,532,429,48
2620,29,431,48
2587,41,433,48
2666,107,435,48
2533,489,437,48
2601,80539,439,48
2566,6923,441,48
2764,4,443,48
2634,881,445,48
2567,42,447,48
2630,1863,449,48
2667,4309,451,48
2552,38726,453,48
2568,824,455,48
2765,1407,457,48
2668,2022,459,48
2588,100,461,48
2766,1566,463,48
2546,3400,465,48
2656,2422,467,48
2669,3889,469,48
2569,1324,471,48
2670,2523,473,48
2645,407,475,48
2708,1019,477,48
2741,21711,479,48
2671,2311,481,48
2767,197,483,48
2672,6826,485,48
2658,948,487,48
2747,1311,489,48
2651,9487,491,48
2673,1510,493,48
2711,326,495,48
2635,2361,497,48
2570,1715,499,48
2660,185,501,48
2720,800,503,48
2721,1396,505,48
2621,1466,507,48
2785,193,1,49
2786,1636,3,49
2802,3075,5,49
2799,995,7,49
2796,2,9,49
2797,6619,11,49
2792,742,13,49
2800,401,15,49
2803,117,17,49
2781,371,19,49
2787,1999,21,49
2804,269,23,49
2779,162,25,49
2776,376,27,49
2801,135,29,49
2782,49,31,49
2783,36,33,49
2794,29540,35,49
2793,739,37,49
2788,695,39,49
2789,904,41,49
2780,380,43,49
2777,1762,45,49
2795,1234,47,49
2790,11797,49,49
2784,207,51,49
2778,4847,53,49
2798,80,55,49
2791,8798,57,49
2816,1683,1,50
2815,2635,3,50
2813,2256,5,50
2809,6748,7,50
2817,575,9,50
2812,2994,11,50
2807,306,13,50
2810,1408,15,50
2808,1575,17,50
2806,2043,19,50
2805,3581,21,50
2818,3105,23,50
2814,3322,25,50
2811,3207,27,50
2876,2023,1,51
2831,1987,3,51
2842,949,5,51
2873,494,7,51
2855,1176,9,51
2925,1050,11,51
2856,4337,13,51
2932,2100,15,51
2857,217,17,51
2833,2494,19,51
2832,299,21,51
2834,680,23,51
2943,1284,25,51
2859,1876,27,51
2835,952,29,51
2908,2477,31,51
2944,1295,33,51
2843,1616,35,51
2819,300,36,51
2897,755,37,51
2898,8840,41,51
2926,353,43,51
2877,375,45,51
2820,1775,47,51
2933,828,49,51
2934,1441,51,51
2821,1547,53,51
2868,473,57,51
2899,17613,59,51
2951,1245,61,51
2878,646,63,51
2872,367,65,51
2927,2493,67,51
2861,1422,69,51
2879,583,71,51
2945,1190,73,51
2935,572,75,51
2880,996,77,51
2822,511,79,51
2900,760,81,51
2936,2276,83,51
2823,1865,85,51
2909,11232,87,51
2910,4555,89,51
2942,76,91,51
2901,1750,93,51
2902,1481,95,51
2928,328,97,51
2911,825,99,51
2913,407,101,51
2914,538,103,51
2915,2409,105,51
2937,4339,107,51
2912,1647,109,51
2824,854,111,51
2938,503,113,51
2916,333,115,51
2929,1617,117,51
2917,489,119,51
2930,2586,121,51
2867,750,125,51
2931,576,127,51
2946,878,131,51
2847,341,133,51
2881,1603,135,51
2825,1053,137,51
2848,1437,139,51
2947,1292,141,51
2869,4096,143,51
2948,398,145,51
2918,1109,147,51
2919,1064,149,51
2939,8799,153,51
2849,1980,155,51
2882,163,157,51
2920,515,159,51
2940,2931,161,51
2949,1000,163,51
2921,2103,165,51
2903,1929,167,51
2922,1619,169,51
2950,2065,171,51
2905,2280,173,51
2941,1166,175,51
2923,3460,177,51
2862,2185,179,51
2924,459,181,51
2889,420,183,51
2883,3042,185,51
2850,1616,187,51
2845,3041,191,51
2846,757,193,51
2836,3178,195,51
2827,1727,197,51
2864,1032,199,51
2851,3653,510,51
2837,1664,520,51
2884,420,530,51
2906,1815,540,51
2828,6448,550,51
2829,708,570,51
2838,473,580,51
2852,4687,590,51
2826,686,595,51
2890,351,600,51
2885,178,610,51
2904,820,620,51
2853,1539,630,51
2844,596,640,51
2854,6871,650,51
2830,2286,660,51
2858,2178,670,51
2907,149,678,51
2863,4547,680,51
2892,1258,683,51
2886,439,685,51
2866,1494,690,51
2860,10643,700,51
2896,14706,710,51
2870,590,720,51
2887,3651,730,51
2888,99,735,51
2839,5841,740,51
2874,552,750,51
2865,15290,760,51
2893,8335,770,51
2894,1002,775,51
2871,982,790,51
2895,4405,800,51
2841,11997,810,51
2891,1558,820,51
2840,338,830,51
2875,1149,840,51
2959,1221,1,53
2958,1684,3,53
2955,11038,5,53
2966,2890,7,53
2976,4983,9,53
2957,25169,11,53
2956,311,13,53
2977,9196,15,53
2981,2169,17,53
2978,692,19,53
2986,5028,21,53
2960,100,23,53
2988,6038,25,53
2982,6264,27,53
2983,3454,29,53
2967,1609,31,53
2969,88782,33,53
2968,12638,35,53
2953,2408,37,53
2979,1512,39,53
2980,6438,41,53
2965,578,43,53
2961,4469,45,53
2952,3632,47,53
2970,2029,49,53
2971,1057,51,53
2984,47743,53,53
2972,536,55,53
2962,7858,57,53
2973,676,59,53
2990,33961,61,53
2964,35764,63,53
2963,3267,65,53
2954,13980,67,53
2985,330,69,53
2987,3133,71,53
2989,12677,73,53
2974,2015,75,53
2975,20001,77,53
3000,1106,1,54
3009,5388,3,54
3001,2216,5,54
2998,1226,7,54
3014,1273,9,54
3040,7600,11,54
2994,706,13,54
3033,994,15,54
3015,380,17,54
3010,3860,19,54
3034,456,21,54
3011,588,23,54
3016,2657,25,54
3012,1453,27,54
3021,1708,29,54
3017,801,31,54
2991,3998,33,54
3005,1780,35,54
3041,2533,37,54
3042,12879,39,54
3022,1232,41,54
2996,1904,43,54
3043,3432,45,54
3002,2373,47,54
3018,3474,49,54
3023,1550,51,54
3035,2117,53,54
3006,5783,55,54
3019,1195,57,54
3020,3454,59,54
3036,3695,61,54
3037,1019,63,54
2995,1005,65,54
3024,2166,67,54
2992,2526,69,54
3044,422,71,54
3038,407,73,54
3025,511,75,54
3045,2112,77,54
2999,2128,79,54
2997,6247,81,54
3028,1844,83,54
2993,608,85,54
3029,1367,87,54
3013,1384,89,54
3030,1138,91,54
3026,386,93,54
3027,514,95,54
3007,1388,97,54
3003,3614,99,54
3008,1052,101,54
3039,1021,103,54
3031,525,105,54
3032,6248,107,54
3004,2360,109,54
3049,1468,1,55
3055,1417,3,55
3066,2560,5,55
3050,856,7,55
3090,12214,9,55
3086,544,11,55
3106,1063,13,55
3056,1112,15,55
3107,3011,17,55
3061,1197,19,55
3087,2556,21,55
3101,971,23,55
3108,19290,25,55
3098,3801,27,55
3109,1197,29,55
3110,2867,31,55
3075,2224,33,55
3091,4755,35,55
3057,306,37,55
3111,4077,39,55
3076,762,41,55
3078,2144,43,55
3077,1583,45,55
3068,911,47,55
3113,1141,49,55
3060,491,51,55
3112,1098,53,55
3058,3654,55,55
3102,1582,57,55
3059,10184,59,55
3088,734,61,55
3089,4763,63,55
3051,801,65,55
3082,1506,67,55
3064,1488,69,55
3103,3519,71,55
3092,6044,73,55
3071,2538,75,55
3070,933,77,55
3083,438,78,55
3072,83913,79,55
3052,2064,81,55
3063,1398,83,55
3093,1176,85,55
3084,6301,87,55
3115,1850,89,55
3114,328,91,55
3053,1028,93,55
3094,2108,95,55
3116,2914,97,55
3069,1008,99,55
3073,11749,101,55
3117,1053,103,55
3046,11278,105,55
3079,1010,107,55
3062,1995,109,55
3104,3583,111,55
3067,1414,113,55
3080,1871,115,55
3081,5423,117,55
3047,849,119,55
3095,1130,121,55
3085,1218,123,55
3100,1565,125,55
3099,4933,127,55
3096,1007,129,55
3105,3827,131,55
3097,8669,133,55
3065,2576,135,55
3048,1376,137,55
3074,7704,139,55
3054,4512,141,55
3132,694,1,56
3129,259,3,56
3118,838,5,56
3133,391,7,56
3123,488,9,56
3130,59,11,56
3138,1434,13,56
3134,514,15,56
3137,173,17,56
3120,124,19,56
3122,2991,21,56
3119,269,23,56
3121,2841,25,56
3124,79,27,56
3131,650,29,56
3127,251,31,56
3128,593,33,56
3139,97,35,56
3126,883,37,56
3125,229,39,56
3135,564,41,56
3136,265,43,56
3140,206,45,56
