,B19058_002E,county,state
0,1416.0,099,01
1,2297.0,079,01
2,7283.0,081,01
3,2021.0,093,01
4,1370.0,107,01
5,1614.0,119,01
6,40728.0,073,01
7,1409.0,023,01
8,2293.0,059,01
9,1971.0,091,01
10,4639.0,113,01
11,1899.0,019,01
12,2168.0,039,01
13,1002.0,041,01
14,5326.0,047,01
15,5516.0,077,01
16,1440.0,085,01
17,2237.0,087,01
18,4340.0,083,01
19,4533.0,117,01
20,4171.0,115,01
21,1500.0,133,01
22,6644.0,003,01
23,3897.0,043,01
24,4184.0,051,01
25,6066.0,069,01
26,2690.0,071,01
27,5647.0,121,01
28,7986.0,125,01
29,921.0,129,01
30,812.0,027,01
31,2656.0,031,01
32,6556.0,103,01
33,2007.0,109,01
34,3184.0,021,01
35,2824.0,033,01
36,602.0,037,01
37,3467.0,045,01
38,1445.0,065,01
39,6063.0,055,01
40,4651.0,049,01
41,2506.0,053,01
42,1136.0,075,01
43,1382.0,111,01
44,1393.0,013,01
45,27570.0,097,01
46,881.0,035,01
47,1107.0,105,01
48,4270.0,127,01
49,954.0,029,01
50,1247.0,063,01
51,2468.0,005,01
52,933.0,007,01
53,920.0,011,01
54,8221.0,015,01
55,2291.0,017,01
56,1894.0,025,01
57,1320.0,057,01
58,17843.0,101,01
59,5709.0,095,01
60,2244.0,009,01
61,1129.0,067,01
62,15888.0,089,01
63,2802.0,001,01
64,3080.0,123,01
65,1828.0,061,01
66,967.0,131,01
67,533.0,150,02
68,41.0,068,02
69,199.0,261,02
70,2518.0,122,02
71,69.0,016,02
72,41.0,060,02
73,691.0,188,02
74,1967.0,050,02
75,353.0,185,02
76,404.0,220,02
77,3481.0,090,02
78,965.0,130,02
79,3842.0,170,02
80,38.0,282,02
81,984.0,180,02
82,443.0,070,02
83,108.0,100,02
84,1196.0,110,02
85,119.0,164,02
86,281.0,240,02
87,716.0,290,02
88,11524.0,020,02
89,136.0,013,02
90,519.0,198,02
91,170.0,275,02
92,141.0,105,02
93,22.0,230,02
94,171.0,195,02
95,1124.0,158,02
96,58140.0,019,04
97,170676.0,013,04
98,3814.0,007,04
99,2096.0,009,04
100,4178.0,023,04
101,8126.0,003,04
102,1259.0,012,04
103,13855.0,015,04
104,5375.0,001,04
105,6250.0,005,04
106,10147.0,025,04
107,14144.0,027,04
108,314.0,011,04
109,8742.0,017,04
110,17326.0,021,04
111,3443.0,145,05
112,677.0,099,05
113,2341.0,123,05
114,18298.0,119,05
115,1144.0,021,05
116,1145.0,037,05
117,571.0,039,05
118,1312.0,043,05
119,1933.0,027,05
120,1397.0,121,05
121,3509.0,125,05
122,1036.0,141,05
123,2431.0,009,05
124,806.0,065,05
125,1951.0,063,05
126,803.0,079,05
127,1287.0,083,05
128,672.0,053,05
129,3999.0,035,05
130,1102.0,047,05
131,4978.0,045,05
132,628.0,109,05
133,5927.0,069,05
134,1084.0,089,05
135,644.0,097,05
136,843.0,127,05
137,483.0,129,05
138,8380.0,131,05
139,3241.0,033,05
140,5841.0,007,05
141,1149.0,017,05
142,1933.0,059,05
143,1480.0,071,05
144,1128.0,077,05
145,728.0,087,05
146,1562.0,041,05
147,930.0,049,05
148,892.0,061,05
149,5673.0,051,05
150,3979.0,093,05
151,3105.0,115,05
152,595.0,117,05
153,2580.0,139,05
154,774.0,147,05
155,948.0,023,05
156,445.0,025,05
157,1261.0,067,05
158,1186.0,057,05
159,1475.0,135,05
160,916.0,137,05
161,7558.0,143,05
162,2588.0,055,05
163,2061.0,005,05
164,1651.0,003,05
165,5825.0,031,05
166,664.0,073,05
167,527.0,105,05
168,1100.0,149,05
169,2418.0,107,05
170,2056.0,111,05
171,1112.0,133,05
172,284.0,013,05
173,1202.0,019,05
174,1012.0,011,05
175,1127.0,075,05
176,802.0,095,05
177,1431.0,113,05
178,1455.0,029,05
179,1945.0,103,05
180,532.0,101,05
181,1520.0,001,05
182,1041.0,081,05
183,2668.0,085,05
184,1123.0,015,05
185,2621.0,091,05
186,289.0,049,06
187,17206.0,047,06
188,3544.0,033,06
189,765.0,043,06
190,4447.0,115,06
191,28789.0,013,06
192,807.0,027,06
193,924.0,035,06
194,28229.0,099,06
195,12356.0,083,06
196,15013.0,097,06
197,3631.0,103,06
198,10012.0,025,06
199,243.0,051,06
200,1868.0,069,06
201,47442.0,001,06
202,70628.0,067,06
203,4929.0,017,06
204,2473.0,055,06
205,89399.0,073,06
206,9735.0,053,06
207,21645.0,075,06
208,105.0,091,06
209,34383.0,107,06
210,7010.0,113,06
211,7085.0,023,06
212,3067.0,057,06
213,44.0,003,06
214,8626.0,039,06
215,4481.0,045,06
216,8641.0,087,06
217,634.0,105,06
218,333729.0,037,06
219,81095.0,065,06
220,106098.0,071,06
221,37147.0,085,06
222,4042.0,041,06
223,7370.0,061,06
224,2516.0,093,06
225,8287.0,089,06
226,15280.0,095,06
227,1634.0,015,06
228,977.0,011,06
229,1212.0,021,06
230,10971.0,007,06
231,7490.0,031,06
232,860.0,063,06
233,6333.0,079,06
234,66542.0,019,06
235,47972.0,029,06
236,76357.0,059,06
237,21525.0,111,06
238,1743.0,009,06
239,4305.0,101,06
240,11712.0,081,06
241,2459.0,109,06
242,34256.0,077,06
243,1203.0,005,06
244,402.0,023,08
245,18290.0,001,08
246,722.0,021,08
247,150.0,027,08
248,2661.0,035,08
249,630.0,037,08
250,366.0,065,08
251,1148.0,067,08
252,599.0,081,08
253,202.0,097,08
254,851.0,105,08
255,72.0,017,08
256,500.0,011,08
257,221.0,025,08
258,56.0,033,08
259,27.0,111,08
260,33.0,057,08
261,9139.0,069,08
262,1065.0,075,08
263,1236.0,083,08
264,155.0,113,08
265,896.0,119,08
266,352.0,125,08
267,7308.0,013,08
268,365.0,039,08
269,1360.0,071,08
270,145.0,073,08
271,253.0,019,08
272,275.0,107,08
273,307.0,117,08
274,1533.0,003,08
275,1481.0,029,08
276,2376.0,043,08
277,12662.0,101,08
278,2315.0,085,08
279,1605.0,087,08
280,348.0,093,08
281,508.0,109,08
282,7349.0,077,08
283,921.0,099,08
284,15.0,053,08
285,26845.0,041,08
286,188.0,121,08
287,261.0,049,08
288,18565.0,005,08
289,1372.0,089,08
290,197.0,095,08
291,391.0,007,08
292,29701.0,031,08
293,82.0,061,08
294,560.0,055,08
295,227.0,009,08
296,477.0,015,08
297,206.0,047,08
298,276.0,063,08
299,1565.0,045,08
300,536.0,051,08
301,12236.0,059,08
302,8.0,079,08
303,110.0,091,08
304,193.0,103,08
305,175.0,115,08
306,9711.0,123,08
307,1069.0,014,08
308,52580.0,009,09
309,6699.0,005,09
310,56115.0,003,09
311,7426.0,015,09
312,13837.0,011,09
313,5850.0,007,09
314,4556.0,013,09
315,32906.0,001,09
316,22859.0,003,10
317,11322.0,005,10
318,10685.0,001,10
319,7604.0,113,12
320,15539.0,081,12
321,8962.0,017,12
322,3214.0,075,12
323,1426.0,003,12
324,31128.0,127,12
325,14629.0,073,12
326,94775.0,011,12
327,1581.0,079,12
328,2294.0,087,12
329,17968.0,033,12
330,11335.0,053,12
331,81544.0,057,12
332,7526.0,091,12
333,1657.0,123,12
334,1605.0,129,12
335,1722.0,133,12
336,56243.0,031,12
337,1699.0,007,12
338,26943.0,009,12
339,8346.0,019,12
340,380.0,067,12
341,17465.0,069,12
342,3350.0,089,12
343,49395.0,103,12
344,37099.0,105,12
345,14864.0,111,12
346,767.0,043,12
347,3240.0,051,12
348,6497.0,061,12
349,3072.0,063,12
350,59002.0,099,12
351,6125.0,109,12
352,15225.0,117,12
353,222898.0,086,12
354,10438.0,005,12
355,4082.0,035,12
356,801.0,037,12
357,698.0,045,12
358,1424.0,047,12
359,406.0,077,12
360,21731.0,097,12
361,2826.0,119,12
362,3202.0,131,12
363,4500.0,039,12
364,1573.0,059,12
365,983.0,065,12
366,30625.0,071,12
367,22337.0,083,12
368,1961.0,049,12
369,11578.0,021,12
370,2503.0,093,12
371,74158.0,095,12
372,11297.0,001,12
373,29307.0,101,12
374,1227.0,041,12
375,6038.0,055,12
376,3554.0,121,12
377,2556.0,027,12
378,1054.0,013,12
379,7059.0,015,12
380,4709.0,023,12
381,1729.0,029,12
382,4773.0,085,12
383,6353.0,107,12
384,13360.0,115,12
385,811.0,125,12
386,400.0,061,13
387,249.0,101,13
388,6091.0,127,13
389,42349.0,089,13
390,2176.0,143,13
391,584.0,181,13
392,2677.0,157,13
393,1459.0,163,13
394,1542.0,169,13
395,2570.0,213,13
396,14102.0,215,13
397,775.0,235,13
398,932.0,241,13
399,457.0,259,13
400,518.0,281,13
401,593.0,283,13
402,743.0,287,13
403,716.0,155,13
404,657.0,003,13
405,1419.0,001,13
406,702.0,005,13
407,1548.0,025,13
408,4808.0,313,13
409,591.0,037,13
410,1286.0,193,13
411,4852.0,285,13
412,12634.0,021,13
413,973.0,145,13
414,714.0,197,13
415,582.0,249,13
416,2040.0,321,13
417,910.0,023,13
418,1506.0,093,13
419,950.0,109,13
420,2188.0,119,13
421,261.0,307,13
422,1785.0,103,13
423,1020.0,171,13
424,155.0,125,13
425,2033.0,107,13
426,258.0,239,13
427,14781.0,051,13
428,3402.0,179,13
429,1060.0,159,13
430,712.0,167,13
431,825.0,173,13
432,1621.0,195,13
433,2250.0,205,13
434,790.0,253,13
435,2634.0,277,13
436,635.0,289,13
437,3241.0,233,13
438,485.0,263,13
439,927.0,269,13
440,970.0,273,13
441,3389.0,275,13
442,2519.0,279,13
443,562.0,319,13
444,1311.0,017,13
445,2012.0,033,13
446,2824.0,047,13
447,269.0,053,13
448,1902.0,055,13
449,2933.0,073,13
450,2205.0,087,13
451,5958.0,115,13
452,3363.0,117,13
453,2343.0,137,13
454,1810.0,147,13
455,8045.0,185,13
456,1351.0,191,13
457,1763.0,199,13
458,1129.0,207,13
459,1246.0,237,13
460,3383.0,261,13
461,202.0,265,13
462,590.0,301,13
463,174.0,007,13
464,1182.0,029,13
465,1859.0,035,13
466,997.0,043,13
467,2478.0,039,13
468,7905.0,045,13
469,788.0,079,13
470,987.0,099,13
471,2370.0,081,13
472,2723.0,069,13
473,5107.0,077,13
474,24837.0,067,13
475,1646.0,123,13
476,740.0,083,13
477,3836.0,297,13
478,848.0,317,13
479,1268.0,027,13
480,1777.0,091,13
481,3328.0,129,13
482,1720.0,105,13
483,5535.0,057,13
484,1973.0,113,13
485,807.0,165,13
486,1197.0,177,13
487,7113.0,217,13
488,1413.0,227,13
489,1014.0,133,13
490,3657.0,071,13
491,1265.0,075,13
492,945.0,085,13
493,711.0,141,13
494,22847.0,063,13
495,51517.0,121,13
496,7744.0,139,13
497,1889.0,187,13
498,1830.0,189,13
499,510.0,201,13
500,1088.0,211,13
501,1132.0,149,13
502,672.0,219,13
503,9854.0,095,13
504,1218.0,111,13
505,8949.0,151,13
506,7304.0,153,13
507,3594.0,175,13
508,983.0,183,13
509,4757.0,255,13
510,1933.0,257,13
511,1191.0,271,13
512,838.0,291,13
513,1989.0,293,13
514,1793.0,303,13
515,1474.0,311,13
516,2220.0,225,13
517,5116.0,223,13
518,1443.0,229,13
519,802.0,231,13
520,16031.0,245,13
521,1058.0,251,13
522,1911.0,267,13
523,1602.0,019,13
524,3805.0,295,13
525,29302.0,135,13
526,3599.0,013,13
527,644.0,049,13
528,571.0,065,13
529,5733.0,015,13
530,7434.0,097,13
531,1936.0,131,13
532,934.0,161,13
533,557.0,209,13
534,926.0,221,13
535,782.0,243,13
536,3846.0,247,13
537,3042.0,299,13
538,2245.0,305,13
539,504.0,309,13
540,541.0,315,13
541,2761.0,009,13
542,915.0,011,13
543,4522.0,031,13
544,6772.0,059,13
545,13705.0,001,15
546,33782.0,003,15
547,6246.0,009,15
548,2334.0,007,15
549,8.0,005,15
550,116.0,071,16
551,1019.0,031,16
552,920.0,045,16
553,198.0,063,16
554,343.0,085,16
555,174.0,003,16
556,316.0,041,16
557,2196.0,069,16
558,1026.0,053,16
559,6992.0,055,16
560,249.0,061,16
561,863.0,067,16
562,3507.0,083,16
563,696.0,073,16
564,561.0,013,16
565,325.0,015,16
566,558.0,021,16
567,113.0,023,16
568,181.0,029,16
569,869.0,047,16
570,14934.0,001,16
571,5075.0,005,16
572,176.0,007,16
573,1990.0,011,16
574,5579.0,019,16
575,29.0,025,16
576,12420.0,027,16
577,419.0,035,16
578,865.0,051,16
579,1416.0,057,16
580,130.0,037,16
581,400.0,059,16
582,1310.0,075,16
583,539.0,009,16
584,2101.0,017,16
585,80.0,033,16
586,1231.0,039,16
587,371.0,043,16
588,1309.0,065,16
589,1051.0,079,16
590,808.0,049,16
591,137.0,081,16
592,342.0,077,16
593,559.0,087,16
594,855.0,067,17
595,14182.0,119,17
596,2051.0,063,17
597,7407.0,091,17
598,608.0,131,17
599,22450.0,043,17
600,11297.0,167,17
601,696.0,003,17
602,585.0,129,17
603,1456.0,157,17
604,2276.0,137,17
605,319890.0,031,17
606,2481.0,141,17
607,7835.0,115,17
608,3618.0,177,17
609,1055.0,191,17
610,958.0,193,17
611,1012.0,203,17
612,3610.0,055,17
613,332.0,071,17
614,1718.0,109,17
615,8386.0,111,17
616,6574.0,113,17
617,652.0,139,17
618,1577.0,145,17
619,1145.0,149,17
620,216.0,151,17
621,8473.0,161,17
622,17273.0,163,17
623,970.0,173,17
624,771.0,185,17
625,8016.0,019,17
626,261.0,013,17
627,555.0,035,17
628,926.0,053,17
629,508.0,085,17
630,20823.0,089,17
631,3364.0,093,17
632,1170.0,101,17
633,207.0,009,17
634,3370.0,121,17
635,480.0,123,17
636,1064.0,125,17
637,1600.0,075,17
638,2132.0,021,17
639,846.0,025,17
640,466.0,059,17
641,4798.0,077,17
642,547.0,133,17
643,11645.0,143,17
644,1019.0,181,17
645,21980.0,201,17
646,545.0,147,17
647,532.0,153,17
648,333.0,169,17
649,241.0,175,17
650,1341.0,045,17
651,714.0,005,17
652,2602.0,007,17
653,1726.0,011,17
654,659.0,015,17
655,3720.0,029,17
656,1058.0,033,17
657,1171.0,083,17
658,168.0,155,17
659,1003.0,039,17
660,1490.0,051,17
661,1801.0,103,17
662,1246.0,107,17
663,2735.0,117,17
664,1041.0,159,17
665,2516.0,165,17
666,512.0,189,17
667,1574.0,135,17
668,3370.0,195,17
669,3850.0,001,17
670,1226.0,027,17
671,5466.0,037,17
672,350.0,047,17
673,472.0,079,17
674,2886.0,081,17
675,5263.0,183,17
676,22282.0,197,17
677,4327.0,199,17
678,1004.0,023,17
679,826.0,041,17
680,1473.0,049,17
681,2268.0,057,17
682,919.0,061,17
683,387.0,065,17
684,297.0,069,17
685,2279.0,073,17
686,523.0,087,17
687,3577.0,095,17
688,22950.0,097,17
689,2047.0,105,17
690,1263.0,127,17
691,319.0,171,17
692,5755.0,179,17
693,630.0,017,17
694,868.0,187,17
695,6017.0,099,17
696,4616.0,105,18
697,944.0,045,18
698,8423.0,039,18
699,1145.0,149,18
700,625.0,025,18
701,1784.0,017,18
702,1677.0,055,18
703,60866.0,097,18
704,4369.0,177,18
705,4444.0,053,18
706,1523.0,021,18
707,2682.0,063,18
708,764.0,037,18
709,775.0,047,18
710,1688.0,059,18
711,2157.0,071,18
712,4998.0,067,18
713,205.0,115,18
714,1175.0,119,18
715,968.0,121,18
716,1425.0,135,18
717,1138.0,183,18
718,455.0,007,18
719,544.0,013,18
720,1284.0,023,18
721,1352.0,133,18
722,257.0,161,18
723,1461.0,175,18
724,1189.0,027,18
725,1831.0,029,18
726,2295.0,065,18
727,2140.0,083,18
728,1901.0,093,18
729,8334.0,095,18
730,800.0,123,18
731,481.0,125,18
732,740.0,131,18
733,889.0,129,18
734,1100.0,151,18
735,267.0,171,18
736,780.0,165,18
737,1042.0,179,18
738,2646.0,043,18
739,18707.0,003,18
740,1053.0,031,18
741,7016.0,035,18
742,1988.0,103,18
743,1552.0,077,18
744,1481.0,079,18
745,4187.0,081,18
746,2694.0,109,18
747,1200.0,051,18
748,586.0,111,18
749,1143.0,117,18
750,12925.0,141,18
751,2687.0,085,18
752,1676.0,099,18
753,597.0,155,18
754,10179.0,163,18
755,749.0,009,18
756,425.0,015,18
757,976.0,143,18
758,1360.0,061,18
759,1519.0,069,18
760,6029.0,091,18
761,1285.0,169,18
762,998.0,181,18
763,1182.0,073,18
764,946.0,075,18
765,442.0,101,18
766,5092.0,127,18
767,2075.0,145,18
768,856.0,137,18
769,590.0,147,18
770,1088.0,153,18
771,511.0,159,18
772,6610.0,157,18
773,6903.0,167,18
774,1627.0,173,18
775,4297.0,057,18
776,1667.0,033,18
777,792.0,087,18
778,3129.0,005,18
779,752.0,139,18
780,1505.0,011,18
781,827.0,049,18
782,28213.0,089,18
783,1556.0,107,18
784,1787.0,113,18
785,1259.0,001,18
786,4068.0,019,18
787,1926.0,041,18
788,621.0,055,19
789,973.0,101,19
790,439.0,185,19
791,704.0,005,19
792,10233.0,113,19
793,7636.0,163,19
794,2021.0,049,19
795,639.0,141,19
796,934.0,011,19
797,485.0,023,19
798,4004.0,061,19
799,349.0,071,19
800,555.0,079,19
801,482.0,151,19
802,308.0,173,19
803,693.0,175,19
804,297.0,177,19
805,367.0,195,19
806,269.0,159,19
807,178.0,003,19
808,413.0,001,19
809,340.0,009,19
810,538.0,037,19
811,690.0,039,19
812,386.0,051,19
813,710.0,059,19
814,351.0,093,19
815,4666.0,103,19
816,579.0,107,19
817,427.0,135,19
818,558.0,171,19
819,2753.0,179,19
820,717.0,167,19
821,574.0,069,19
822,527.0,025,19
823,847.0,027,19
824,502.0,031,19
825,2438.0,033,19
826,934.0,067,19
827,562.0,073,19
828,583.0,083,19
829,455.0,115,19
830,404.0,117,19
831,343.0,119,19
832,363.0,189,19
833,362.0,147,19
834,529.0,165,19
835,845.0,007,19
836,892.0,087,19
837,456.0,095,19
838,2037.0,099,19
839,925.0,145,19
840,456.0,191,19
841,812.0,157,19
842,5148.0,155,19
843,2061.0,127,19
844,885.0,043,19
845,1251.0,015,19
846,538.0,017,19
847,1038.0,021,19
848,349.0,089,19
849,673.0,063,19
850,414.0,077,19
851,330.0,081,19
852,528.0,091,19
853,527.0,121,19
854,1692.0,125,19
855,823.0,183,19
856,684.0,197,19
857,1026.0,029,19
858,653.0,035,19
859,834.0,047,19
860,3008.0,057,19
861,1046.0,065,19
862,646.0,085,19
863,618.0,109,19
864,478.0,129,19
865,623.0,133,19
866,1468.0,139,19
867,292.0,143,19
868,25601.0,153,19
869,2461.0,187,19
870,2716.0,169,19
871,5816.0,193,19
872,7463.0,013,19
873,363.0,075,19
874,965.0,097,19
875,848.0,105,19
876,2447.0,111,19
877,255.0,131,19
878,831.0,137,19
879,1862.0,181,19
880,341.0,161,19
881,1227.0,123,19
882,798.0,149,19
883,912.0,019,19
884,870.0,041,19
885,2951.0,045,19
886,566.0,053,19
887,99.0,183,20
888,117.0,067,20
889,389.0,085,20
890,180.0,095,20
891,65.0,109,20
892,1051.0,021,20
893,206.0,131,20
894,604.0,149,20
895,10121.0,209,20
896,2282.0,015,20
897,269.0,027,20
898,111.0,105,20
899,2442.0,169,20
900,1032.0,191,20
901,47.0,195,20
902,162.0,197,20
903,514.0,205,20
904,232.0,207,20
905,102.0,123,20
906,54.0,135,20
907,132.0,141,20
908,930.0,005,20
909,685.0,011,20
910,1455.0,055,20
911,43.0,075,20
912,79.0,097,20
913,2007.0,103,20
914,7726.0,177,20
915,259.0,181,20
916,24.0,187,20
917,216.0,193,20
918,145.0,119,20
919,2108.0,125,20
920,176.0,127,20
921,202.0,151,20
922,74.0,153,20
923,155.0,163,20
924,360.0,003,20
925,51.0,025,20
926,174.0,053,20
927,1214.0,061,20
928,234.0,077,20
929,1019.0,057,20
930,312.0,167,20
931,1458.0,111,20
932,280.0,117,20
933,268.0,145,20
934,661.0,001,20
935,46.0,023,20
936,33.0,033,20
937,1976.0,035,20
938,127.0,049,20
939,58.0,063,20
940,1249.0,059,20
941,1080.0,079,20
942,45.0,083,20
943,86.0,089,20
944,90.0,093,20
945,435.0,159,20
946,193.0,185,20
947,712.0,113,20
948,645.0,139,20
949,26.0,071,20
950,319.0,031,20
951,1868.0,037,20
952,748.0,051,20
953,370.0,073,20
954,920.0,099,20
955,505.0,107,20
956,22880.0,173,20
957,866.0,175,20
958,133.0,157,20
959,107.0,065,20
960,8794.0,091,20
961,3310.0,045,20
962,73.0,179,20
963,1168.0,121,20
964,82.0,069,20
965,50.0,199,20
966,102.0,017,20
967,119.0,189,20
968,116.0,201,20
969,47.0,203,20
970,202.0,019,20
971,60.0,129,20
972,156.0,137,20
973,3212.0,155,20
974,1166.0,009,20
975,366.0,029,20
976,293.0,043,20
977,123.0,047,20
978,45.0,081,20
979,61.0,101,20
980,148.0,165,20
981,76.0,171,20
982,278.0,115,20
983,940.0,133,20
984,414.0,013,20
985,149.0,143,20
986,153.0,147,20
987,1507.0,161,20
988,174.0,007,20
989,166.0,039,20
990,771.0,041,20
991,649.0,087,20
992,1075.0,097,21
993,932.0,031,21
994,452.0,223,21
995,946.0,061,21
996,241.0,105,21
997,644.0,023,21
998,373.0,143,21
999,2352.0,179,21
1000,1983.0,231,21
1001,1643.0,135,21
1002,1508.0,155,21
1003,747.0,221,21
1004,1066.0,239,21
1005,3658.0,015,21
1006,1312.0,131,21
1007,3399.0,113,21
1008,4279.0,121,21
1009,1497.0,127,21
1010,3207.0,133,21
1011,606.0,139,21
1012,4296.0,145,21
1013,6398.0,195,21
1014,2124.0,211,21
1015,3225.0,235,21
1016,1094.0,005,21
1017,1322.0,027,21
1018,4563.0,071,21
1019,2407.0,073,21
1020,7753.0,117,21
1021,2147.0,147,21
1022,5342.0,151,21
1023,1815.0,153,21
1024,869.0,169,21
1025,840.0,189,21
1026,1965.0,205,21
1027,864.0,213,21
1028,1846.0,217,21
1029,2522.0,049,21
1030,897.0,219,21
1031,279.0,039,21
1032,837.0,041,21
1033,832.0,053,21
1034,1510.0,065,21
1035,371.0,077,21
1036,1376.0,079,21
1037,2354.0,089,21
1038,1225.0,069,21
1039,3553.0,037,21
1040,2458.0,043,21
1041,894.0,063,21
1042,1682.0,081,21
1043,42751.0,111,21
1044,1111.0,123,21
1045,1604.0,141,21
1046,1170.0,161,21
1047,1247.0,167,21
1048,930.0,191,21
1049,149.0,201,21
1050,1302.0,207,21
1051,420.0,215,21
1052,635.0,229,21
1053,1079.0,011,21
1054,399.0,007,21
1055,3192.0,009,21
1056,1593.0,021,21
1057,828.0,087,21
1058,501.0,091,21
1059,3603.0,095,21
1060,1218.0,159,21
1061,5566.0,093,21
1062,2181.0,137,21
1063,632.0,149,21
1064,696.0,171,21
1065,1799.0,183,21
1066,1605.0,197,21
1067,1051.0,225,21
1068,885.0,233,21
1069,903.0,033,21
1070,1548.0,035,21
1071,1436.0,045,21
1072,4723.0,047,21
1073,4855.0,059,21
1074,2037.0,085,21
1075,3281.0,101,21
1076,1143.0,103,21
1077,2939.0,107,21
1078,1704.0,109,21
1079,5187.0,125,21
1080,1396.0,157,21
1081,1523.0,163,21
1082,2050.0,173,21
1083,672.0,181,21
1084,998.0,185,21
1085,707.0,187,21
1086,1586.0,203,21
1087,2643.0,209,21
1088,6544.0,227,21
1089,1165.0,003,21
1090,1267.0,017,21
1091,3561.0,019,21
1092,2982.0,029,21
1093,385.0,055,21
1094,15652.0,067,21
1095,655.0,075,21
1096,2379.0,115,21
1097,2059.0,119,21
1098,497.0,165,21
1099,1335.0,175,21
1100,2193.0,177,21
1101,3607.0,193,21
1102,5066.0,199,21
1103,1185.0,237,21
1104,2854.0,051,21
1105,1291.0,001,21
1106,3725.0,013,21
1107,1965.0,025,21
1108,455.0,057,21
1109,2051.0,083,21
1110,1274.0,099,21
1111,1076.0,129,21
1112,3830.0,113,22
1113,2344.0,089,22
1114,5080.0,057,22
1115,1090.0,029,22
1116,398.0,107,22
1117,496.0,125,22
1118,2029.0,053,22
1119,1082.0,093,22
1120,1287.0,043,22
1121,22229.0,051,22
1122,1772.0,011,22
1123,1294.0,013,22
1124,5919.0,015,22
1125,225.0,023,22
1126,1031.0,037,22
1127,3026.0,095,22
1128,1005.0,075,22
1129,10121.0,073,22
1130,8952.0,079,22
1131,4938.0,117,22
1132,5609.0,097,22
1133,10387.0,105,22
1134,4648.0,001,22
1135,3696.0,101,22
1136,497.0,123,22
1137,8479.0,103,22
1138,1274.0,111,22
1139,469.0,021,22
1140,17921.0,017,22
1141,814.0,035,22
1142,4838.0,005,22
1143,10787.0,055,22
1144,2743.0,039,22
1145,5389.0,045,22
1146,3616.0,061,22
1147,2177.0,087,22
1148,1283.0,091,22
1149,3135.0,119,22
1150,1394.0,121,22
1151,2082.0,031,22
1152,2676.0,047,22
1153,473.0,081,22
1154,7602.0,063,22
1155,2246.0,067,22
1156,4102.0,069,22
1157,30626.0,071,22
1158,6588.0,109,22
1159,529.0,025,22
1160,10856.0,019,22
1161,1626.0,027,22
1162,1679.0,041,22
1163,3031.0,009,22
1164,1457.0,007,22
1165,1441.0,049,22
1166,26298.0,033,22
1167,1404.0,077,22
1168,1482.0,083,22
1169,3178.0,099,22
1170,2274.0,115,22
1171,1009.0,127,22
1172,1730.0,085,22
1173,1404.0,003,22
1174,855.0,065,22
1175,890.0,059,22
1176,3176.0,009,23
1177,4114.0,017,23
1178,2032.0,015,23
1179,3040.0,027,23
1180,11896.0,019,23
1181,1777.0,021,23
1182,9357.0,001,23
1183,6823.0,003,23
1184,3428.0,029,23
1185,12896.0,005,23
1186,2251.0,013,23
1187,1899.0,023,23
1188,10198.0,031,23
1189,9296.0,011,23
1190,1938.0,007,23
1191,4995.0,025,23
1192,2492.0,047,24
1193,63221.0,510,24
1194,2108.0,039,24
1195,1891.0,041,24
1196,8315.0,025,24
1197,5442.0,001,24
1198,6184.0,027,24
1199,34851.0,033,24
1200,14872.0,003,24
1201,33792.0,005,24
1202,6519.0,021,24
1203,2572.0,009,24
1204,2007.0,023,24
1205,1121.0,029,24
1206,26020.0,031,24
1207,4594.0,013,24
1208,1391.0,035,24
1209,4351.0,037,24
1210,5054.0,017,24
1211,3067.0,019,24
1212,8980.0,043,24
1213,6386.0,045,24
1214,4054.0,015,24
1215,2227.0,011,24
1216,59428.0,025,25
1217,7725.0,001,25
1218,231.0,007,25
1219,49669.0,017,25
1220,8026.0,003,25
1221,35367.0,005,25
1222,41818.0,013,25
1223,20773.0,023,25
1224,43713.0,009,25
1225,4506.0,011,25
1226,20154.0,021,25
1227,40135.0,027,25
1228,5857.0,015,25
1229,207.0,019,25
1230,10338.0,021,26
1231,1979.0,129,26
1232,707.0,135,26
1233,2308.0,165,26
1234,1205.0,039,26
1235,2265.0,037,26
1236,1638.0,043,26
1237,2507.0,057,26
1238,1639.0,063,26
1239,16286.0,065,26
1240,4941.0,091,26
1241,1920.0,105,26
1242,1430.0,109,26
1243,3852.0,117,26
1244,960.0,113,26
1245,3425.0,149,26
1246,10446.0,147,26
1247,5292.0,159,26
1248,12553.0,161,26
1249,1341.0,011,26
1250,2595.0,015,26
1251,2729.0,027,26
1252,686.0,071,26
1253,692.0,019,26
1254,2122.0,143,26
1255,605.0,153,26
1256,169882.0,163,26
1257,2149.0,023,26
1258,3978.0,055,26
1259,9447.0,075,26
1260,665.0,097,26
1261,35680.0,049,26
1262,1198.0,009,26
1263,1698.0,061,26
1264,4564.0,093,26
1265,2189.0,069,26
1266,1053.0,085,26
1267,1445.0,101,26
1268,651.0,119,26
1269,744.0,141,26
1270,2228.0,051,26
1271,14092.0,077,26
1272,2492.0,107,26
1273,3255.0,103,26
1274,3915.0,123,26
1275,1642.0,133,26
1276,1532.0,137,26
1277,8994.0,025,26
1278,1696.0,031,26
1279,331.0,095,26
1280,31600.0,081,26
1281,44945.0,099,26
1282,15706.0,145,26
1283,4211.0,155,26
1284,420.0,013,26
1285,7508.0,017,26
1286,1169.0,029,26
1287,5046.0,045,26
1288,2498.0,041,26
1289,1151.0,053,26
1290,1554.0,047,26
1291,2230.0,033,26
1292,7737.0,115,26
1293,3999.0,005,26
1294,44637.0,125,26
1295,2535.0,059,26
1296,396.0,003,26
1297,13878.0,121,26
1298,1751.0,127,26
1299,591.0,089,26
1300,4448.0,087,26
1301,2921.0,035,26
1302,2613.0,151,26
1303,116.0,083,26
1304,3688.0,073,26
1305,345.0,131,26
1306,7599.0,139,26
1307,3772.0,157,26
1308,724.0,001,26
1309,2352.0,007,26
1310,3700.0,067,26
1311,1122.0,079,26
1312,4268.0,111,26
1313,449.0,167,27
1314,162.0,125,27
1315,940.0,001,27
1316,2082.0,027,27
1317,529.0,043,27
1318,243.0,101,27
1319,756.0,045,27
1320,1773.0,067,27
1321,376.0,075,27
1322,1354.0,119,27
1323,290.0,133,27
1324,434.0,135,27
1325,433.0,143,27
1326,203.0,155,27
1327,439.0,165,27
1328,1700.0,005,27
1329,51969.0,053,27
1330,192.0,011,27
1331,858.0,015,27
1332,332.0,023,27
1333,1646.0,021,27
1334,536.0,029,27
1335,1303.0,049,27
1336,945.0,057,27
1337,1238.0,059,27
1338,285.0,063,27
1339,784.0,091,27
1340,1671.0,099,27
1341,969.0,105,27
1342,1316.0,115,27
1343,5504.0,109,27
1344,639.0,033,27
1345,2566.0,139,27
1346,492.0,039,27
1347,539.0,157,27
1348,488.0,117,27
1349,2241.0,035,27
1350,223.0,107,27
1351,2922.0,171,27
1352,1152.0,103,27
1353,1220.0,041,27
1354,246.0,051,27
1355,95.0,069,27
1356,806.0,079,27
1357,457.0,087,27
1358,1712.0,025,27
1359,481.0,127,27
1360,422.0,173,27
1361,1023.0,153,27
1362,2345.0,007,27
1363,2365.0,013,27
1364,649.0,055,27
1365,236.0,073,27
1366,112.0,077,27
1367,1956.0,111,27
1368,617.0,161,27
1369,9844.0,137,27
1370,10313.0,003,27
1371,5666.0,145,27
1372,10203.0,037,27
1373,160.0,081,27
1374,977.0,083,27
1375,207.0,089,27
1376,1075.0,095,27
1377,436.0,129,27
1378,4767.0,163,27
1379,1313.0,017,27
1380,200.0,031,27
1381,747.0,065,27
1382,893.0,071,27
1383,815.0,093,27
1384,1376.0,097,27
1385,537.0,113,27
1386,1981.0,131,27
1387,1140.0,147,27
1388,1718.0,141,27
1389,676.0,159,27
1390,2148.0,009,27
1391,1302.0,019,27
1392,1399.0,047,27
1393,2271.0,061,27
1394,1100.0,085,27
1395,361.0,121,27
1396,29099.0,123,27
1397,235.0,149,27
1398,448.0,151,27
1399,1486.0,169,27
1400,3226.0,045,28
1401,583.0,125,28
1402,1494.0,139,28
1403,662.0,019,28
1404,5464.0,035,28
1405,1327.0,057,28
1406,1657.0,071,28
1407,120.0,055,28
1408,7232.0,059,28
1409,4498.0,087,28
1410,2469.0,083,28
1411,1290.0,143,28
1412,778.0,157,28
1413,824.0,021,28
1414,13920.0,047,28
1415,1108.0,065,28
1416,2004.0,127,28
1417,5632.0,075,28
1418,1816.0,085,28
1419,1862.0,123,28
1420,1783.0,159,28
1421,2582.0,163,28
1422,1742.0,007,28
1423,522.0,009,28
1424,606.0,037,28
1425,3455.0,027,28
1426,1501.0,061,28
1427,4283.0,067,28
1428,952.0,147,28
1429,2334.0,095,28
1430,1527.0,115,28
1431,2863.0,133,28
1432,777.0,155,28
1433,2279.0,003,28
1434,2642.0,001,28
1435,1569.0,025,28
1436,5680.0,033,28
1437,1424.0,031,28
1438,1124.0,053,28
1439,1033.0,013,28
1440,1954.0,051,28
1441,937.0,005,28
1442,3636.0,089,28
1443,2041.0,091,28
1444,1070.0,141,28
1445,1689.0,153,28
1446,771.0,041,28
1447,2123.0,093,28
1448,1082.0,119,28
1449,3689.0,011,28
1450,3171.0,073,28
1451,4764.0,081,28
1452,3118.0,113,28
1453,1247.0,135,28
1454,745.0,129,28
1455,1218.0,131,28
1456,3053.0,149,28
1457,1166.0,023,28
1458,1011.0,069,28
1459,923.0,097,28
1460,2457.0,105,28
1461,2146.0,099,28
1462,3713.0,109,28
1463,1422.0,079,28
1464,1378.0,103,28
1465,4403.0,121,28
1466,1645.0,137,28
1467,5680.0,151,28
1468,744.0,077,28
1469,2618.0,107,28
1470,930.0,111,28
1471,944.0,161,28
1472,1445.0,017,28
1473,291.0,015,28
1474,2108.0,029,28
1475,1069.0,039,28
1476,1164.0,043,28
1477,18013.0,049,28
1478,867.0,063,28
1479,1178.0,101,28
1480,1437.0,145,28
1481,2090.0,117,28
1482,3308.0,091,29
1483,516.0,035,29
1484,422.0,057,29
1485,517.0,115,29
1486,2321.0,101,29
1487,2455.0,105,29
1488,520.0,125,29
1489,2173.0,161,29
1490,2065.0,165,29
1491,4468.0,187,29
1492,32021.0,510,29
1493,495.0,003,29
1494,3615.0,023,29
1495,545.0,033,29
1496,329.0,061,29
1497,215.0,087,29
1498,200.0,103,29
1499,1195.0,181,29
1500,1642.0,127,29
1501,713.0,139,29
1502,309.0,151,29
1503,2224.0,207,29
1504,1482.0,219,29
1505,2072.0,221,29
1506,1078.0,007,29
1507,2805.0,043,29
1508,287.0,063,29
1509,13870.0,077,29
1510,472.0,081,29
1511,1786.0,107,29
1512,577.0,185,29
1513,1035.0,001,29
1514,250.0,197,29
1515,219.0,199,29
1516,252.0,211,29
1517,1974.0,029,29
1518,302.0,045,29
1519,6809.0,097,29
1520,10000.0,099,29
1521,309.0,111,29
1522,1431.0,119,29
1523,2083.0,143,29
1524,836.0,157,29
1525,1838.0,167,29
1526,313.0,173,29
1527,1044.0,177,29
1528,1530.0,209,29
1529,485.0,179,29
1530,37970.0,189,29
1531,3220.0,201,29
1532,2072.0,009,29
1533,738.0,011,29
1534,7005.0,019,29
1535,1396.0,039,29
1536,3168.0,051,29
1537,1768.0,055,29
1538,571.0,073,29
1539,824.0,093,29
1540,824.0,117,29
1541,655.0,121,29
1542,532.0,135,29
1543,854.0,149,29
1544,2237.0,155,29
1545,2444.0,159,29
1546,1040.0,186,29
1547,707.0,203,29
1548,1164.0,175,29
1549,1255.0,067,29
1550,3370.0,069,29
1551,4283.0,071,29
1552,1667.0,083,29
1553,418.0,089,29
1554,37933.0,095,29
1555,2322.0,109,29
1556,1355.0,131,29
1557,1594.0,169,29
1558,249.0,171,29
1559,3479.0,213,29
1560,1929.0,215,29
1561,5188.0,021,29
1562,390.0,025,29
1563,1889.0,027,29
1564,3862.0,037,29
1565,775.0,049,29
1566,743.0,053,29
1567,995.0,059,29
1568,290.0,075,29
1569,651.0,085,29
1570,2484.0,113,29
1571,1779.0,133,29
1572,387.0,137,29
1573,2628.0,145,29
1574,812.0,153,29
1575,998.0,163,29
1576,7093.0,183,29
1577,135.0,129,29
1578,849.0,123,29
1579,1845.0,229,29
1580,7291.0,047,29
1581,1447.0,217,29
1582,1116.0,065,29
1583,1279.0,195,29
1584,1002.0,147,29
1585,81.0,227,29
1586,253.0,041,29
1587,548.0,079,29
1588,1334.0,141,29
1589,1244.0,223,29
1590,814.0,017,29
1591,3465.0,031,29
1592,285.0,205,29
1593,2017.0,225,29
1594,242.0,005,29
1595,954.0,013,29
1596,1233.0,015,29
1597,347.0,017,30
1598,1150.0,041,30
1599,325.0,015,30
1600,32.0,103,30
1601,146.0,071,30
1602,49.0,075,30
1603,1193.0,053,30
1604,631.0,067,30
1605,551.0,085,30
1606,463.0,005,30
1607,37.0,051,30
1608,104.0,097,30
1609,170.0,083,30
1610,183.0,099,30
1611,0.0,079,30
1612,178.0,101,30
1613,875.0,035,30
1614,27.0,025,30
1615,18.0,019,30
1616,259.0,095,30
1617,47.0,037,30
1618,51.0,045,30
1619,2735.0,093,30
1620,621.0,023,30
1621,295.0,043,30
1622,127.0,039,30
1623,0.0,055,30
1624,69.0,107,30
1625,115.0,057,30
1626,363.0,087,30
1627,160.0,091,30
1628,18.0,011,30
1629,481.0,021,30
1630,827.0,003,30
1631,179.0,007,30
1632,2058.0,047,30
1633,2779.0,049,30
1634,355.0,073,30
1635,5643.0,111,30
1636,6401.0,063,30
1637,2296.0,081,30
1638,483.0,105,30
1639,3806.0,013,30
1640,466.0,027,30
1641,9.0,033,30
1642,325.0,061,30
1643,11.0,069,30
1644,353.0,077,30
1645,890.0,089,30
1646,27.0,109,30
1647,1915.0,031,30
1648,88.0,059,30
1649,279.0,009,30
1650,350.0,001,30
1651,3489.0,029,30
1652,292.0,065,30
1653,61.0,069,31
1654,22.0,091,31
1655,202.0,123,31
1656,220.0,127,31
1657,401.0,159,31
1658,1.0,171,31
1659,1041.0,043,31
1660,130.0,181,31
1661,257.0,003,31
1662,63.0,029,31
1663,259.0,023,31
1664,194.0,035,31
1665,6.0,005,31
1666,365.0,041,31
1667,130.0,061,31
1668,773.0,067,31
1669,232.0,081,31
1670,5.0,115,31
1671,267.0,095,31
1672,238.0,099,31
1673,280.0,101,31
1674,1612.0,119,31
1675,31.0,135,31
1676,271.0,137,31
1677,539.0,155,31
1678,1840.0,157,31
1679,117.0,179,31
1680,7.0,103,31
1681,162.0,105,31
1682,285.0,107,31
1683,1791.0,111,31
1684,297.0,121,31
1685,195.0,139,31
1686,34.0,165,31
1687,273.0,021,31
1688,488.0,025,31
1689,183.0,039,31
1690,149.0,051,31
1691,82.0,057,31
1692,10.0,075,31
1693,57.0,077,31
1694,2918.0,079,31
1695,23.0,085,31
1696,626.0,131,31
1697,315.0,145,31
1698,195.0,027,31
1699,251.0,045,31
1700,141.0,097,31
1701,296.0,033,31
1702,969.0,047,31
1703,68.0,071,31
1704,4.0,117,31
1705,165.0,125,31
1706,110.0,133,31
1707,235.0,167,31
1708,135.0,175,31
1709,15.0,183,31
1710,106.0,083,31
1711,412.0,185,31
1712,6.0,009,31
1713,1498.0,019,31
1714,290.0,037,31
1715,66.0,049,31
1716,119.0,087,31
1717,22.0,113,31
1718,835.0,141,31
1719,86.0,143,31
1720,229.0,169,31
1721,379.0,013,31
1722,82.0,017,31
1723,1281.0,001,31
1724,247.0,161,31
1725,11393.0,109,31
1726,121.0,011,31
1727,155.0,129,31
1728,25.0,149,31
1729,29.0,007,31
1730,76.0,063,31
1731,78.0,163,31
1732,23587.0,055,31
1733,442.0,147,31
1734,210.0,093,31
1735,146.0,089,31
1736,174.0,065,31
1737,22.0,073,31
1738,418.0,151,31
1739,3635.0,153,31
1740,490.0,173,31
1741,812.0,177,31
1742,50.0,015,31
1743,209.0,031,31
1744,1780.0,053,31
1745,196.0,059,31
1746,1258.0,001,32
1747,1676.0,005,32
1748,174.0,015,32
1749,230.0,027,32
1750,35.0,009,32
1751,34.0,011,32
1752,352.0,013,32
1753,336.0,021,32
1754,318.0,033,32
1755,1166.0,007,32
1756,180.0,017,32
1757,2870.0,023,32
1758,161.0,029,32
1759,19007.0,031,32
1760,103669.0,003,32
1761,3140.0,510,32
1762,2912.0,019,32
1763,3021.0,005,33
1764,5475.0,013,33
1765,2943.0,009,33
1766,5773.0,015,33
1767,2512.0,001,33
1768,1746.0,019,33
1769,13940.0,011,33
1770,4764.0,017,33
1771,2112.0,007,33
1772,2006.0,003,33
1773,15693.0,025,34
1774,12620.0,021,34
1775,2402.0,037,34
1776,9816.0,011,34
1777,3762.0,035,34
1778,45680.0,013,34
1779,18634.0,029,34
1780,15655.0,001,34
1781,9735.0,015,34
1782,19332.0,023,34
1783,3358.0,033,34
1784,33056.0,031,34
1785,2980.0,009,34
1786,24319.0,007,34
1787,19569.0,003,34
1788,18043.0,039,34
1789,3320.0,041,34
1790,41478.0,017,34
1791,1620.0,019,34
1792,10154.0,005,34
1793,6896.0,027,34
1794,7507.0,045,35
1795,523.0,037,35
1796,1160.0,027,35
1797,5011.0,005,35
1798,3215.0,025,35
1799,6435.0,049,35
1800,200.0,059,35
1801,1310.0,051,35
1802,877.0,053,35
1803,1532.0,041,35
1804,126.0,028,35
1805,2132.0,039,35
1806,2997.0,047,35
1807,4122.0,035,35
1808,6053.0,061,35
1809,1280.0,057,35
1810,41732.0,001,35
1811,2659.0,006,35
1812,102.0,011,35
1813,268.0,019,35
1814,91.0,003,35
1815,394.0,023,35
1816,2637.0,029,35
1817,5228.0,031,35
1818,6026.0,043,35
1819,2513.0,055,35
1820,2396.0,017,35
1821,3376.0,009,35
1822,1185.0,007,35
1823,3209.0,015,35
1824,9.0,021,35
1825,374.0,033,35
1826,18305.0,013,35
1827,1749.0,095,36
1828,184934.0,005,36
1829,27885.0,067,36
1830,3434.0,035,36
1831,5897.0,019,36
1832,1759.0,099,36
1833,7795.0,083,36
1834,1365.0,079,36
1835,3387.0,033,36
1836,4510.0,043,36
1837,4536.0,069,36
1838,112954.0,081,36
1839,5869.0,101,36
1840,112.0,041,36
1841,3848.0,115,36
1842,10496.0,013,36
1843,231794.0,047,36
1844,109995.0,061,36
1845,2952.0,107,36
1846,4256.0,011,36
1847,2845.0,073,36
1848,7797.0,091,36
1849,11499.0,087,36
1850,2879.0,021,36
1851,1625.0,049,36
1852,12003.0,063,36
1853,32003.0,119,36
1854,3052.0,025,36
1855,1842.0,031,36
1856,3804.0,057,36
1857,23856.0,059,36
1858,21851.0,085,36
1859,7281.0,089,36
1860,1038.0,097,36
1861,3892.0,109,36
1862,3280.0,113,36
1863,3848.0,017,36
1864,2569.0,023,36
1865,11122.0,027,36
1866,7286.0,045,36
1867,47384.0,055,36
1868,16861.0,065,36
1869,35955.0,103,36
1870,8396.0,111,36
1871,1755.0,121,36
1872,5557.0,015,36
1873,3431.0,051,36
1874,8291.0,075,36
1875,2778.0,077,36
1876,1436.0,039,36
1877,4456.0,117,36
1878,15087.0,001,36
1879,2994.0,003,36
1880,13226.0,007,36
1881,5801.0,009,36
1882,64923.0,029,36
1883,3641.0,053,36
1884,7566.0,093,36
1885,3897.0,105,36
1886,3059.0,037,36
1887,1171.0,123,36
1888,14086.0,071,36
1889,3695.0,165,37
1890,1655.0,189,37
1891,6250.0,083,37
1892,10059.0,001,37
1893,293.0,177,37
1894,1821.0,079,37
1895,3730.0,087,37
1896,1080.0,121,37
1897,1440.0,041,37
1898,904.0,005,37
1899,5407.0,027,37
1900,9121.0,035,37
1901,7374.0,045,37
1902,5865.0,049,37
1903,6268.0,065,37
1904,2904.0,077,37
1905,6878.0,085,37
1906,3343.0,093,37
1907,4544.0,089,37
1908,383.0,095,37
1909,5760.0,097,37
1910,43840.0,119,37
1911,2577.0,131,37
1912,10668.0,147,37
1913,7921.0,159,37
1914,4428.0,181,37
1915,1550.0,039,37
1916,860.0,053,37
1917,7160.0,179,37
1918,5007.0,193,37
1919,17923.0,067,37
1920,6687.0,127,37
1921,1958.0,003,37
1922,3960.0,017,37
1923,1551.0,055,37
1924,3763.0,031,37
1925,1623.0,185,37
1926,6155.0,195,37
1927,2253.0,015,37
1928,628.0,073,37
1929,406.0,075,37
1930,1630.0,117,37
1931,1331.0,115,37
1932,749.0,137,37
1933,1064.0,143,37
1934,823.0,149,37
1935,8850.0,151,37
1936,6530.0,157,37
1937,2685.0,169,37
1938,1383.0,187,37
1939,481.0,029,37
1940,684.0,043,37
1941,21579.0,051,37
1942,13819.0,071,37
1943,29823.0,081,37
1944,2052.0,099,37
1945,3730.0,125,37
1946,2611.0,139,37
1947,13858.0,155,37
1948,3617.0,167,37
1949,656.0,173,37
1950,27016.0,183,37
1951,1333.0,199,37
1952,2404.0,007,37
1953,2751.0,037,37
1954,3629.0,111,37
1955,4010.0,069,37
1956,9357.0,101,37
1957,951.0,103,37
1958,2210.0,113,37
1959,3314.0,145,37
1960,7180.0,019,37
1961,2021.0,175,37
1962,1874.0,009,37
1963,3609.0,013,37
1964,5353.0,047,37
1965,6250.0,107,37
1966,4312.0,109,37
1967,1961.0,123,37
1968,7543.0,133,37
1969,3980.0,135,37
1970,4855.0,153,37
1971,5492.0,161,37
1972,4930.0,163,37
1973,5256.0,171,37
1974,2228.0,197,37
1975,1042.0,011,37
1976,11610.0,021,37
1977,6072.0,023,37
1978,6971.0,025,37
1979,1825.0,033,37
1980,1478.0,059,37
1981,10964.0,057,37
1982,4533.0,061,37
1983,14705.0,063,37
1984,2626.0,091,37
1985,3635.0,105,37
1986,11252.0,129,37
1987,3107.0,141,37
1988,9048.0,191,37
1989,55.0,013,38
1990,91.0,061,38
1991,227.0,097,38
1992,807.0,105,38
1993,4.0,007,38
1994,93.0,021,38
1995,40.0,043,38
1996,53.0,019,38
1997,1302.0,101,38
1998,52.0,037,38
1999,200.0,049,38
2000,205.0,067,38
2001,19.0,091,38
2002,545.0,005,38
2003,73.0,041,38
2004,96.0,045,38
2005,696.0,059,38
2006,6543.0,017,38
2007,75.0,025,38
2008,135.0,029,38
2009,96.0,051,38
2010,118.0,063,38
2011,449.0,077,38
2012,1431.0,079,38
2013,545.0,099,38
2014,42.0,001,38
2015,252.0,009,38
2016,413.0,003,38
2017,98.0,027,38
2018,2881.0,035,38
2019,133.0,053,38
2020,218.0,057,38
2021,217.0,055,38
2022,253.0,069,38
2023,185.0,073,38
2024,78.0,075,38
2025,343.0,085,38
2026,85.0,011,38
2027,2231.0,015,38
2028,55.0,033,38
2029,28.0,047,38
2030,29.0,065,38
2031,92.0,095,38
2032,945.0,093,38
2033,439.0,071,38
2034,38.0,023,38
2035,87.0,031,38
2036,79.0,039,38
2037,113.0,081,38
2038,77.0,083,38
2039,15.0,087,38
2040,828.0,089,38
2041,104.0,103,38
2042,2614.0,053,39
2043,3574.0,077,39
2044,19554.0,099,39
2045,4401.0,009,39
2046,3044.0,001,39
2047,8439.0,145,39
2048,4667.0,103,39
2049,2401.0,105,39
2050,1422.0,159,39
2051,1894.0,021,39
2052,2670.0,131,39
2053,965.0,125,39
2054,6470.0,057,39
2055,49702.0,061,39
2056,71622.0,049,39
2057,5410.0,087,39
2058,4924.0,101,39
2059,1245.0,115,39
2060,5103.0,157,39
2061,5184.0,169,39
2062,875.0,175,39
2063,2804.0,015,39
2064,16012.0,017,39
2065,4739.0,043,39
2066,959.0,067,39
2067,3053.0,083,39
2068,8483.0,089,39
2069,8391.0,139,39
2070,1403.0,163,39
2071,1282.0,019,39
2072,3227.0,063,39
2073,7574.0,025,39
2074,7786.0,045,39
2075,1833.0,039,39
2076,3370.0,071,39
2077,990.0,069,39
2078,5289.0,081,39
2079,7617.0,133,39
2080,952.0,137,39
2081,3883.0,013,39
2082,2581.0,027,39
2083,2178.0,047,39
2084,3103.0,127,39
2085,2778.0,129,39
2086,2505.0,091,39
2087,2142.0,097,39
2088,33911.0,153,39
2089,7237.0,119,39
2090,3100.0,143,39
2091,1864.0,149,39
2092,1569.0,161,39
2093,3667.0,167,39
2094,2078.0,171,39
2095,1580.0,011,39
2096,6942.0,029,39
2097,2053.0,037,39
2098,1717.0,123,39
2099,1762.0,051,39
2100,1649.0,065,39
2101,2769.0,079,39
2102,36306.0,095,39
2103,1648.0,117,39
2104,588.0,121,39
2105,2016.0,135,39
2106,3102.0,147,39
2107,22886.0,151,39
2108,6215.0,003,39
2109,2546.0,031,39
2110,2893.0,033,39
2111,2862.0,041,39
2112,1931.0,055,39
2113,3173.0,059,39
2114,2458.0,073,39
2115,8656.0,085,39
2116,1215.0,107,39
2117,6127.0,141,39
2118,10843.0,023,39
2119,101402.0,035,39
2120,761.0,075,39
2121,16245.0,093,39
2122,3807.0,109,39
2123,834.0,111,39
2124,36617.0,113,39
2125,12313.0,155,39
2126,4352.0,165,39
2127,4012.0,173,39
2128,2328.0,005,39
2129,7900.0,007,39
2130,2009.0,001,40
2131,2114.0,133,40
2132,2329.0,137,40
2133,115.0,025,40
2134,518.0,011,40
2135,2720.0,019,40
2136,423.0,029,40
2137,182.0,053,40
2138,464.0,055,40
2139,420.0,073,40
2140,1315.0,087,40
2141,1687.0,091,40
2142,820.0,095,40
2143,734.0,099,40
2144,500.0,103,40
2145,624.0,105,40
2146,2380.0,115,40
2147,3300.0,131,40
2148,3355.0,135,40
2149,3376.0,145,40
2150,175.0,003,40
2151,333.0,151,40
2152,1646.0,015,40
2153,10421.0,027,40
2154,5342.0,101,40
2155,787.0,107,40
2156,1176.0,005,40
2157,2627.0,013,40
2158,90.0,043,40
2159,91.0,059,40
2160,3099.0,071,40
2161,1854.0,083,40
2162,785.0,035,40
2163,33052.0,143,40
2164,2417.0,147,40
2165,3460.0,017,40
2166,227.0,057,40
2167,1044.0,061,40
2168,685.0,077,40
2169,3149.0,111,40
2170,2262.0,113,40
2171,565.0,139,40
2172,473.0,067,40
2173,1022.0,127,40
2174,3171.0,047,40
2175,1289.0,049,40
2176,850.0,069,40
2177,2837.0,121,40
2178,2068.0,123,40
2179,98.0,129,40
2180,879.0,153,40
2181,2508.0,021,40
2182,2704.0,041,40
2183,119.0,045,40
2184,2474.0,051,40
2185,3326.0,119,40
2186,4786.0,125,40
2187,3655.0,037,40
2188,625.0,141,40
2189,447.0,149,40
2190,350.0,033,40
2191,777.0,075,40
2192,3753.0,079,40
2193,2863.0,089,40
2194,311.0,093,40
2195,2749.0,097,40
2196,43709.0,109,40
2197,968.0,039,40
2198,121.0,007,40
2199,228.0,085,40
2200,854.0,009,40
2201,680.0,063,40
2202,1676.0,023,40
2203,1722.0,065,40
2204,6787.0,031,40
2205,1740.0,081,40
2206,734.0,117,40
2207,25219.0,047,41
2208,18011.0,029,41
2209,10014.0,019,41
2210,641.0,023,41
2211,2194.0,031,41
2212,5341.0,053,41
2213,19195.0,005,41
2214,11057.0,017,41
2215,10016.0,043,41
2216,1993.0,057,41
2217,6701.0,071,41
2218,1204.0,001,41
2219,8355.0,033,41
2220,7312.0,035,41
2221,6287.0,059,41
2222,4885.0,041,41
2223,4330.0,003,41
2224,3678.0,009,41
2225,2364.0,013,41
2226,98.0,055,41
2227,2165.0,065,41
2228,648.0,025,41
2229,31528.0,039,41
2230,3140.0,045,41
2231,554.0,063,41
2232,25920.0,067,41
2233,105.0,069,41
2234,616.0,049,41
2235,2991.0,007,41
2236,6828.0,011,41
2237,1915.0,015,41
2238,99.0,021,41
2239,1109.0,027,41
2240,752.0,037,41
2241,62305.0,051,41
2242,2149.0,061,41
2243,23820.0,045,42
2244,6534.0,055,42
2245,1634.0,119,42
2246,2433.0,127,42
2247,2811.0,009,42
2248,14761.0,043,42
2249,189.0,053,42
2250,4299.0,111,42
2251,7204.0,089,42
2252,153052.0,101,42
2253,19864.0,133,42
2254,18377.0,129,42
2255,8907.0,013,42
2256,2956.0,015,42
2257,10246.0,021,42
2258,9999.0,029,42
2259,21948.0,011,42
2260,2618.0,061,42
2261,4786.0,063,42
2262,7300.0,073,42
2263,3438.0,087,42
2264,10683.0,125,42
2265,7310.0,041,42
2266,68711.0,003,42
2267,2067.0,103,42
2268,1690.0,109,42
2269,1747.0,115,42
2270,5818.0,039,42
2271,19925.0,049,42
2272,816.0,057,42
2273,957.0,067,42
2274,9295.0,107,42
2275,1208.0,131,42
2276,3230.0,001,42
2277,4537.0,005,42
2278,2307.0,035,42
2279,3149.0,025,42
2280,4441.0,027,42
2281,5521.0,097,42
2282,12467.0,095,42
2283,318.0,023,42
2284,3452.0,121,42
2285,10017.0,007,42
2286,14741.0,017,42
2287,14157.0,069,42
2288,19503.0,077,42
2289,3100.0,083,42
2290,11585.0,051,42
2291,2277.0,031,42
2292,20370.0,091,42
2293,5757.0,033,42
2294,2720.0,059,42
2295,6776.0,075,42
2296,6938.0,081,42
2297,22426.0,079,42
2298,713.0,093,42
2299,2404.0,123,42
2300,3228.0,037,42
2301,6924.0,019,42
2302,1409.0,047,42
2303,2944.0,065,42
2304,19545.0,071,42
2305,7505.0,085,42
2306,1783.0,099,42
2307,899.0,105,42
2308,325.0,113,42
2309,1977.0,117,42
2310,3581.0,005,44
2311,9102.0,003,44
2312,50860.0,007,44
2313,1959.0,001,44
2314,4350.0,009,44
2315,10181.0,003,45
2316,1069.0,005,45
2317,2461.0,071,45
2318,1523.0,037,45
2319,2048.0,023,45
2320,3567.0,027,45
2321,3099.0,029,45
2322,3362.0,067,45
2323,8179.0,085,45
2324,13740.0,063,45
2325,4568.0,073,45
2326,2143.0,011,45
2327,8928.0,015,45
2328,15252.0,019,45
2329,6299.0,031,45
2330,4436.0,043,45
2331,2445.0,069,45
2332,9973.0,091,45
2333,11671.0,007,45
2334,4161.0,021,45
2335,3865.0,025,45
2336,4776.0,047,45
2337,1812.0,053,45
2338,16814.0,051,45
2339,2987.0,055,45
2340,1679.0,061,45
2341,7157.0,075,45
2342,15798.0,083,45
2343,1996.0,001,45
2344,1213.0,009,45
2345,5021.0,013,45
2346,981.0,017,45
2347,3435.0,033,45
2348,1183.0,081,45
2349,21508.0,079,45
2350,1613.0,039,45
2351,1369.0,049,45
2352,20385.0,045,45
2353,3645.0,057,45
2354,6962.0,035,45
2355,10478.0,041,45
2356,4364.0,059,45
2357,827.0,065,45
2358,5199.0,077,45
2359,2271.0,087,45
2360,3563.0,089,45
2361,92.0,003,46
2362,184.0,051,46
2363,340.0,123,46
2364,233.0,071,46
2365,8037.0,099,46
2366,314.0,033,46
2367,27.0,069,46
2368,94.0,025,46
2369,38.0,049,46
2370,194.0,067,46
2371,144.0,077,46
2372,306.0,129,46
2373,254.0,017,46
2374,746.0,027,46
2375,342.0,037,46
2376,561.0,041,46
2377,64.0,043,46
2378,9.0,063,46
2379,705.0,065,46
2380,104.0,089,46
2381,544.0,109,46
2382,118.0,111,46
2383,14.0,119,46
2384,695.0,083,46
2385,53.0,059,46
2386,372.0,079,46
2387,1101.0,081,46
2388,1287.0,135,46
2389,1352.0,029,46
2390,1327.0,005,46
2391,682.0,019,46
2392,492.0,031,46
2393,1222.0,035,46
2394,74.0,045,46
2395,25.0,021,46
2396,67.0,073,46
2397,245.0,007,46
2398,20.0,055,46
2399,36.0,117,46
2400,23.0,075,46
2401,1214.0,093,46
2402,42.0,107,46
2403,390.0,125,46
2404,1320.0,013,46
2405,506.0,023,46
2406,44.0,061,46
2407,137.0,087,46
2408,89.0,091,46
2409,198.0,095,46
2410,233.0,101,46
2411,118.0,105,46
2412,5535.0,103,46
2413,1179.0,121,46
2414,380.0,127,46
2415,102.0,097,46
2416,218.0,085,46
2417,343.0,137,46
2418,112.0,039,46
2419,238.0,115,46
2420,227.0,009,46
2421,310.0,015,46
2422,820.0,011,46
2423,328.0,047,46
2424,255.0,053,46
2425,101.0,057,46
2426,1710.0,102,46
2427,2247.0,017,47
2428,1275.0,023,47
2429,1042.0,039,47
2430,37433.0,037,47
2431,867.0,087,47
2432,2384.0,109,47
2433,645.0,135,47
2434,3882.0,145,47
2435,6518.0,011,47
2436,1071.0,121,47
2437,5112.0,063,47
2438,1982.0,075,47
2439,426.0,083,47
2440,4782.0,119,47
2441,1916.0,173,47
2442,2241.0,071,47
2443,9316.0,125,47
2444,3034.0,043,47
2445,2007.0,129,47
2446,1436.0,061,47
2447,3555.0,123,47
2448,2546.0,079,47
2449,3922.0,029,47
2450,993.0,033,47
2451,1245.0,041,47
2452,858.0,095,47
2453,23863.0,093,47
2454,900.0,101,47
2455,3781.0,107,47
2456,1640.0,117,47
2457,2337.0,131,47
2458,2576.0,143,47
2459,2745.0,151,47
2460,4293.0,167,47
2461,5708.0,001,47
2462,2887.0,045,47
2463,2063.0,049,47
2464,3729.0,053,47
2465,19555.0,065,47
2466,1863.0,069,47
2467,2229.0,105,47
2468,991.0,139,47
2469,11626.0,149,47
2470,1196.0,159,47
2471,1822.0,185,47
2472,4483.0,189,47
2473,11758.0,163,47
2474,1454.0,171,47
2475,3245.0,177,47
2476,7599.0,179,47
2477,2877.0,183,47
2478,1467.0,005,47
2479,1261.0,007,47
2480,3790.0,013,47
2481,1143.0,015,47
2482,3574.0,031,47
2483,2354.0,047,47
2484,1003.0,067,47
2485,4964.0,073,47
2486,1577.0,091,47
2487,2357.0,103,47
2488,1802.0,111,47
2489,261.0,127,47
2490,3144.0,147,47
2491,2440.0,051,47
2492,7042.0,009,47
2493,1875.0,021,47
2494,4602.0,019,47
2495,1856.0,057,47
2496,2005.0,055,47
2497,2723.0,097,47
2498,3112.0,099,47
2499,6728.0,113,47
2500,2027.0,115,47
2501,1136.0,133,47
2502,480.0,137,47
2503,7606.0,165,47
2504,1075.0,181,47
2505,478.0,169,47
2506,2503.0,187,47
2507,3228.0,003,47
2508,634.0,027,47
2509,4738.0,059,47
2510,4604.0,035,47
2511,67719.0,157,47
2512,332.0,175,47
2513,2915.0,025,47
2514,2565.0,077,47
2515,1945.0,081,47
2516,901.0,085,47
2517,3792.0,089,47
2518,3883.0,141,47
2519,1158.0,153,47
2520,6185.0,155,47
2521,889.0,161,47
2522,2146.0,199,48
2523,396.0,207,48
2524,1197.0,227,48
2525,653.0,289,48
2526,113.0,333,48
2527,927.0,337,48
2528,852.0,351,48
2529,1137.0,365,48
2530,494.0,389,48
2531,404.0,403,48
2532,23.0,421,48
2533,489.0,437,48
2534,4984.0,231,48
2535,971.0,063,48
2536,126.0,195,48
2537,4210.0,187,48
2538,520.0,077,48
2539,61.0,205,48
2540,1940.0,217,48
2541,1252.0,293,48
2542,3873.0,347,48
2543,332.0,369,48
2544,3495.0,367,48
2545,860.0,377,48
2546,3400.0,465,48
2547,132.0,109,48
2548,6929.0,135,48
2549,279.0,169,48
2550,11.0,173,48
2551,1254.0,185,48
2552,38726.0,453,48
2553,12482.0,085,48
2554,6102.0,005,48
2555,228.0,087,48
2556,162.0,101,48
2557,5360.0,209,48
2558,756.0,279,48
2559,93.0,295,48
2560,3.0,301,48
2561,2315.0,321,48
2562,378.0,371,48
2563,1126.0,395,48
2564,1587.0,397,48
2565,2230.0,401,48
2566,6923.0,441,48
2567,42.0,447,48
2568,824.0,455,48
2569,1324.0,471,48
2570,1715.0,499,48
2571,857.0,019,48
2572,1038.0,007,48
2573,368.0,075,48
2574,162.0,079,48
2575,158.0,081,48
2576,2530.0,091,48
2577,2812.0,099,48
2578,97.0,211,48
2579,1445.0,225,48
2580,815.0,341,48
2581,3523.0,349,48
2582,7618.0,375,48
2583,636.0,405,48
2584,513.0,415,48
2585,154.0,417,48
2586,6993.0,427,48
2587,41.0,433,48
2588,100.0,461,48
2589,3670.0,021,48
2590,1879.0,049,48
2591,259.0,191,48
2592,1297.0,025,48
2593,600.0,159,48
2594,1125.0,163,48
2595,104.0,103,48
2596,904.0,281,48
2597,600.0,307,48
2598,97.0,319,48
2599,121.0,125,48
2600,634.0,287,48
2601,80539.0,439,48
2602,1955.0,001,48
2603,4950.0,139,48
2604,522.0,239,48
2605,2086.0,265,48
2606,1619.0,331,48
2607,564.0,093,48
2608,1085.0,145,48
2609,802.0,047,48
2610,1062.0,015,48
2611,40.0,261,48
2612,21717.0,355,48
2613,546.0,089,48
2614,3011.0,409,48
2615,558.0,379,48
2616,3562.0,381,48
2617,119.0,385,48
2618,190.0,411,48
2619,65.0,413,48
2620,29.0,431,48
2621,1466.0,507,48
2622,1020.0,057,48
2623,150.0,065,48
2624,90.0,155,48
2625,1049.0,161,48
2626,371.0,175,48
2627,535.0,193,48
2628,206.0,197,48
2629,240.0,335,48
2630,1863.0,449,48
2631,88.0,045,48
2632,649.0,285,48
2633,4957.0,291,48
2634,881.0,445,48
2635,2361.0,497,48
2636,1759.0,143,48
2637,10627.0,039,48
2638,73.0,345,48
2639,140.0,129,48
2640,2546.0,013,48
2641,490.0,083,48
2642,849.0,353,48
2643,235.0,229,48
2644,2109.0,325,48
2645,407.0,475,48
2646,4304.0,213,48
2647,3221.0,203,48
2648,105.0,327,48
2649,3457.0,277,48
2650,647.0,149,48
2651,9487.0,491,48
2652,257.0,267,48
2653,46.0,317,48
2654,2964.0,373,48
2655,316.0,391,48
2656,2422.0,467,48
2657,2014.0,055,48
2658,948.0,487,48
2659,34.0,383,48
2660,185.0,501,48
2661,2051.0,189,48
2662,1758.0,419,48
2663,734.0,387,48
2664,469.0,399,48
2665,1734.0,407,48
2666,107.0,435,48
2667,4309.0,451,48
2668,2022.0,459,48
2669,3889.0,469,48
2670,2523.0,473,48
2671,2311.0,481,48
2672,6826.0,485,48
2673,1510.0,493,48
2674,8.0,033,48
2675,1103.0,219,48
2676,939.0,315,48
2677,5052.0,323,48
2678,4153.0,329,48
2679,6744.0,181,48
2680,261.0,297,48
2681,791.0,299,48
2682,1588.0,363,48
2683,1442.0,147,48
2684,722.0,255,48
2685,1087.0,123,48
2686,7151.0,041,48
2687,571.0,059,48
2688,1860.0,067,48
2689,501.0,165,48
2690,6970.0,183,48
2691,915.0,179,48
2692,515.0,313,48
2693,14242.0,303,48
2694,284.0,237,48
2695,4070.0,257,48
2696,785.0,259,48
2697,666.0,035,48
2698,392.0,153,48
2699,88647.0,029,48
2700,314.0,017,48
2701,880.0,071,48
2702,242.0,023,48
2703,16267.0,027,48
2704,32236.0,061,48
2705,16634.0,121,48
2706,5324.0,361,48
2707,995.0,233,48
2708,1019.0,477,48
2709,976.0,343,48
2710,532.0,429,48
2711,326.0,495,48
2712,210381.0,201,48
2713,436.0,003,48
2714,1418.0,053,48
2715,834.0,171,48
2716,1283.0,177,48
2717,129257.0,113,48
2718,412.0,305,48
2719,0.0,311,48
2720,800.0,503,48
2721,1396.0,505,48
2722,5674.0,251,48
2723,2026.0,221,48
2724,1897.0,223,48
2725,11904.0,309,48
2726,341.0,357,48
2727,3.0,269,48
2728,181.0,275,48
2729,2914.0,073,48
2730,36.0,095,48
2731,314.0,119,48
2732,84.0,137,48
2733,837.0,133,48
2734,704.0,253,48
2735,97.0,243,48
2736,474.0,247,48
2737,2558.0,249,48
2738,13012.0,339,48
2739,246.0,111,48
2740,1106.0,127,48
2741,21711.0,479,48
2742,16757.0,157,48
2743,13.0,011,48
2744,287.0,069,48
2745,42.0,235,48
2746,1902.0,273,48
2747,1311.0,489,48
2748,1971.0,097,48
2749,450.0,107,48
2750,655.0,115,48
2751,138.0,151,48
2752,1141.0,131,48
2753,999.0,051,48
2754,187.0,031,48
2755,1763.0,241,48
2756,15115.0,245,48
2757,100.0,271,48
2758,32.0,359,48
2759,887.0,117,48
2760,14074.0,167,48
2761,58956.0,141,48
2762,297.0,283,48
2763,8.0,393,48
2764,4.0,443,48
2765,1407.0,457,48
2766,1566.0,463,48
2767,197.0,483,48
2768,4966.0,037,48
2769,238.0,009,48
2770,622.0,043,48
2771,34.0,263,48
2772,71887.0,215,48
2773,9323.0,423,48
2774,481.0,425,48
2775,143.0,105,48
2776,376.0,027,49
2777,1762.0,045,49
2778,4847.0,053,49
2779,162.0,025,49
2780,380.0,043,49
2781,371.0,019,49
2782,49.0,031,49
2783,36.0,033,49
2784,207.0,051,49
2785,193.0,001,49
2786,1636.0,003,49
2787,1999.0,021,49
2788,695.0,039,49
2789,904.0,041,49
2790,11797.0,049,49
2791,8798.0,057,49
2792,742.0,013,49
2793,739.0,037,49
2794,29540.0,035,49
2795,1234.0,047,49
2796,2.0,009,49
2797,6619.0,011,49
2798,80.0,055,49
2799,995.0,007,49
2800,401.0,015,49
2801,135.0,029,49
2802,3075.0,005,49
2803,117.0,017,49
2804,269.0,023,49
2805,3581.0,021,50
2806,2043.0,019,50
2807,306.0,013,50
2808,1575.0,017,50
2809,6748.0,007,50
2810,1408.0,015,50
2811,3207.0,027,50
2812,2994.0,011,50
2813,2256.0,005,50
2814,3322.0,025,50
2815,2635.0,003,50
2816,1683.0,001,50
2817,575.0,009,50
2818,3105.0,023,50
2819,300.0,036,51
2820,1775.0,047,51
2821,1547.0,053,51
2822,511.0,079,51
2823,1865.0,085,51
2824,854.0,111,51
2825,1053.0,137,51
2826,686.0,595,51
2827,1727.0,197,51
2828,6448.0,550,51
2829,708.0,570,51
2830,2286.0,660,51
2831,1987.0,003,51
2832,299.0,021,51
2833,2494.0,019,51
2834,680.0,023,51
2835,952.0,029,51
2836,3178.0,195,51
2837,1664.0,520,51
2838,473.0,580,51
2839,5841.0,740,51
2840,338.0,830,51
2841,11997.0,810,51
2842,949.0,005,51
2843,1616.0,035,51
2844,596.0,640,51
2845,3041.0,191,51
2846,757.0,193,51
2847,341.0,133,51
2848,1437.0,139,51
2849,1980.0,155,51
2850,1616.0,187,51
2851,3653.0,510,51
2852,4687.0,590,51
2853,1539.0,630,51
2854,6871.0,650,51
2855,1176.0,009,51
2856,4337.0,013,51
2857,217.0,017,51
2858,2178.0,670,51
2859,1876.0,027,51
2860,10643.0,700,51
2861,1422.0,069,51
2862,2185.0,179,51
2863,4547.0,680,51
2864,1032.0,199,51
2865,15290.0,760,51
2866,1494.0,690,51
2867,750.0,125,51
2868,473.0,057,51
2869,4096.0,143,51
2870,590.0,720,51
2871,982.0,790,51
2872,367.0,065,51
2873,494.0,007,51
2874,552.0,750,51
2875,1149.0,840,51
2876,2023.0,001,51
2877,375.0,045,51
2878,646.0,063,51
2879,583.0,071,51
2880,996.0,077,51
2881,1603.0,135,51
2882,163.0,157,51
2883,3042.0,185,51
2884,420.0,530,51
2885,178.0,610,51
2886,439.0,685,51
2887,3651.0,730,51
2888,99.0,735,51
2889,420.0,183,51
2890,351.0,600,51
2891,1558.0,820,51
2892,1258.0,683,51
2893,8335.0,770,51
2894,1002.0,775,51
2895,4405.0,800,51
2896,14706.0,710,51
2897,755.0,037,51
2898,8840.0,041,51
2899,17613.0,059,51
2900,760.0,081,51
2901,1750.0,093,51
2902,1481.0,095,51
2903,1929.0,167,51
2904,820.0,620,51
2905,2280.0,173,51
2906,1815.0,540,51
2907,149.0,678,51
2908,2477.0,031,51
2909,11232.0,087,51
2910,4555.0,089,51
2911,825.0,099,51
2912,1647.0,109,51
2913,407.0,101,51
2914,538.0,103,51
2915,2409.0,105,51
2916,333.0,115,51
2917,489.0,119,51
2918,1109.0,147,51
2919,1064.0,149,51
2920,515.0,159,51
2921,2103.0,165,51
2922,1619.0,169,51
2923,3460.0,177,51
2924,459.0,181,51
2925,1050.0,011,51
2926,353.0,043,51
2927,2493.0,067,51
2928,328.0,097,51
2929,1617.0,117,51
2930,2586.0,121,51
2931,576.0,127,51
2932,2100.0,015,51
2933,828.0,049,51
2934,1441.0,051,51
2935,572.0,075,51
2936,2276.0,083,51
2937,4339.0,107,51
2938,503.0,113,51
2939,8799.0,153,51
2940,2931.0,161,51
2941,1166.0,175,51
2942,76.0,091,51
2943,1284.0,025,51
2944,1295.0,033,51
2945,1190.0,073,51
2946,878.0,131,51
2947,1292.0,141,51
2948,398.0,145,51
2949,1000.0,163,51
2950,2065.0,171,51
2951,1245.0,061,51
2952,3632.0,047,53
2953,2408.0,037,53
2954,13980.0,067,53
2955,11038.0,005,53
2956,311.0,013,53
2957,25169.0,011,53
2958,1684.0,003,53
2959,1221.0,001,53
2960,100.0,023,53
2961,4469.0,045,53
2962,7858.0,057,53
2963,3267.0,065,53
2964,35764.0,063,53
2965,578.0,043,53
2966,2890.0,007,53
2967,1609.0,031,53
2968,12638.0,035,53
2969,88782.0,033,53
2970,2029.0,049,53
2971,1057.0,051,53
2972,536.0,055,53
2973,676.0,059,53
2974,2015.0,075,53
2975,20001.0,077,53
2976,4983.0,009,53
2977,9196.0,015,53
2978,692.0,019,53
2979,1512.0,039,53
2980,6438.0,041,53
2981,2169.0,017,53
2982,6264.0,027,53
2983,3454.0,029,53
2984,47743.0,053,53
2985,330.0,069,53
2986,5028.0,021,53
2987,3133.0,071,53
2988,6038.0,025,53
2989,12677.0,073,53
2990,33961.0,061,53
2991,3998.0,033,54
2992,2526.0,069,54
2993,608.0,085,54
2994,706.0,013,54
2995,1005.0,065,54
2996,1904.0,043,54
2997,6247.0,081,54
2998,1226.0,007,54
2999,2128.0,079,54
3000,1106.0,001,54
3001,2216.0,005,54
3002,2373.0,047,54
3003,3614.0,099,54
3004,2360.0,109,54
3005,1780.0,035,54
3006,5783.0,055,54
3007,1388.0,097,54
3008,1052.0,101,54
3009,5388.0,003,54
3010,3860.0,019,54
3011,588.0,023,54
3012,1453.0,027,54
3013,1384.0,089,54
3014,1273.0,009,54
3015,380.0,017,54
3016,2657.0,025,54
3017,801.0,031,54
3018,3474.0,049,54
3019,1195.0,057,54
3020,3454.0,059,54
3021,1708.0,029,54
3022,1232.0,041,54
3023,1550.0,051,54
3024,2166.0,067,54
3025,511.0,075,54
3026,386.0,093,54
3027,514.0,095,54
3028,1844.0,083,54
3029,1367.0,087,54
3030,1138.0,091,54
3031,525.0,105,54
3032,6248.0,107,54
3033,994.0,015,54
3034,456.0,021,54
3035,2117.0,053,54
3036,3695.0,061,54
3037,1019.0,063,54
3038,407.0,073,54
3039,1021.0,103,54
3040,7600.0,011,54
3041,2533.0,037,54
3042,12879.0,039,54
3043,3432.0,045,54
3044,422.0,071,54
3045,2112.0,077,54
3046,11278.0,105,55
3047,849.0,119,55
3048,1376.0,137,55
3049,1468.0,001,55
3050,856.0,007,55
3051,801.0,065,55
3052,2064.0,081,55
3053,1028.0,093,55
3054,4512.0,141,55
3055,1417.0,003,55
3056,1112.0,015,55
3057,306.0,037,55
3058,3654.0,055,55
3059,10184.0,059,55
3060,491.0,051,55
3061,1197.0,019,55
3062,1995.0,109,55
3063,1398.0,083,55
3064,1488.0,069,55
3065,2576.0,135,55
3066,2560.0,005,55
3067,1414.0,113,55
3068,911.0,047,55
3069,1008.0,099,55
3070,933.0,077,55
3071,2538.0,075,55
3072,83913.0,079,55
3073,11749.0,101,55
3074,7704.0,139,55
3075,2224.0,033,55
3076,762.0,041,55
3077,1583.0,045,55
3078,2144.0,043,55
3079,1010.0,107,55
3080,1871.0,115,55
3081,5423.0,117,55
3082,1506.0,067,55
3083,438.0,078,55
3084,6301.0,087,55
3085,1218.0,123,55
3086,544.0,011,55
3087,2556.0,021,55
3088,734.0,061,55
3089,4763.0,063,55
3090,12214.0,009,55
3091,4755.0,035,55
3092,6044.0,073,55
3093,1176.0,085,55
3094,2108.0,095,55
3095,1130.0,121,55
3096,1007.0,129,55
3097,8669.0,133,55
3098,3801.0,027,55
3099,4933.0,127,55
3100,1565.0,125,55
3101,971.0,023,55
3102,1582.0,057,55
3103,3519.0,071,55
3104,3583.0,111,55
3105,3827.0,131,55
3106,1063.0,013,55
3107,3011.0,017,55
3108,19290.0,025,55
3109,1197.0,029,55
3110,2867.0,031,55
3111,4077.0,039,55
3112,1098.0,053,55
3113,1141.0,049,55
3114,328.0,091,55
3115,1850.0,089,55
3116,2914.0,097,55
3117,1053.0,103,55
3118,838.0,005,56
3119,269.0,023,56
3120,124.0,019,56
3121,2841.0,025,56
3122,2991.0,021,56
3123,488.0,009,56
3124,79.0,027,56
3125,229.0,039,56
3126,883.0,037,56
3127,251.0,031,56
3128,593.0,033,56
3129,259.0,003,56
3130,59.0,011,56
3131,650.0,029,56
3132,694.0,001,56
3133,391.0,007,56
3134,514.0,015,56
3135,564.0,041,56
3136,265.0,043,56
3137,173.0,017,56
3138,1434.0,013,56
3139,97.0,035,56
3140,206.0,045,56
